,algo,focus,iters
0,brenner,1.0,15
1,range,1.0,15
2,entropy,1.0,15
3,sobel,19.0,15
4,variance,1.0,15
5,power,21.0,15
6,brenner,3.0,15
7,range,5.0,15
8,entropy,5.0,15
9,sobel,29.0,15
10,variance,7.0,15
11,power,-19.0,15
12,brenner,-1.0,15
13,range,-7.0,15
14,entropy,-1.0,15
15,sobel,-23.0,15
16,variance,-3.0,15
17,power,25.0,15
18,brenner,-2.0,15
19,range,4.0,15
20,entropy,0.0,15
21,sobel,-6.0,15
22,variance,-2.0,15
23,power,-26.0,15
24,brenner,-2.0,15
25,range,4.0,15
26,entropy,0.0,15
27,sobel,-6.0,15
28,variance,-2.0,15
29,power,-26.0,15
30,brenner,2.0,15
31,range,4.0,15
32,entropy,2.0,15
33,sobel,-8.0,15
34,variance,4.0,15
35,power,-20.0,15
36,brenner,3.0,15
37,range,5.0,15
38,entropy,5.0,15
39,sobel,-19.0,15
40,variance,7.0,15
41,power,35.0,15
42,brenner,-2.0,15
43,range,4.0,15
44,entropy,0.0,15
45,sobel,-6.0,15
46,variance,-2.0,15
47,power,30.0,15
48,brenner,4.0,15
49,range,2.0,15
50,entropy,8.0,15
51,sobel,22.0,15
52,variance,4.0,15
53,power,28.0,15
54,brenner,-1.0,15
55,range,-7.0,15
56,entropy,-1.0,15
57,sobel,-23.0,15
58,variance,-3.0,15
59,power,23.0,15
60,brenner,2.0,15
61,range,4.0,15
62,entropy,2.0,15
63,sobel,-8.0,15
64,variance,4.0,15
65,power,42.0,15
66,brenner,-1.0,15
67,range,-7.0,15
68,entropy,-1.0,15
69,sobel,25.0,15
70,variance,-3.0,15
71,power,25.0,15
72,brenner,4.0,15
73,range,8.0,15
74,entropy,8.0,15
75,sobel,22.0,15
76,variance,4.0,15
77,power,-12.0,15
78,brenner,-1.0,15
79,range,-7.0,15
80,entropy,-1.0,15
81,sobel,-23.0,15
82,variance,-3.0,15
83,power,-23.0,15
84,brenner,2.0,15
85,range,4.0,15
86,entropy,2.0,15
87,sobel,-8.0,15
88,variance,4.0,15
89,power,-20.0,15
90,brenner,4.0,15
91,range,8.0,15
92,entropy,-2.0,15
93,sobel,-26.0,15
94,variance,4.0,15
95,power,-12.0,15
96,brenner,-2.0,15
97,range,4.0,15
98,entropy,0.0,15
99,sobel,-6.0,15
100,variance,-2.0,15
101,power,28.0,15
102,brenner,4.0,15
103,range,8.0,15
104,entropy,8.0,15
105,sobel,22.0,15
106,variance,4.0,15
107,power,-12.0,15
108,brenner,2.0,15
109,range,4.0,15
110,entropy,2.0,15
111,sobel,-8.0,15
112,variance,4.0,15
113,power,42.0,15
114,brenner,1.0,15
115,range,1.0,15
116,entropy,1.0,15
117,sobel,-1.0,15
118,variance,1.0,15
119,power,19.0,15
120,brenner,3.0,15
121,range,-1.0,15
122,entropy,5.0,15
123,sobel,-19.0,15
124,variance,7.0,15
125,power,-19.0,15
126,brenner,4.0,15
127,range,8.0,15
128,entropy,8.0,15
129,sobel,22.0,15
130,variance,4.0,15
131,power,-12.0,15
132,brenner,4.0,15
133,range,8.0,15
134,entropy,8.0,15
135,sobel,-26.0,15
136,variance,4.0,15
137,power,-12.0,15
138,brenner,1.0,15
139,range,1.0,15
140,entropy,1.0,15
141,sobel,-1.0,15
142,variance,3.0,15
143,power,19.0,15
144,brenner,1.0,15
145,range,1.0,15
146,entropy,1.0,15
147,sobel,-1.0,15
148,variance,3.0,15
149,power,19.0,15
150,brenner,4.0,15
151,range,-2.0,15
152,entropy,8.0,15
153,sobel,-26.0,15
154,variance,4.0,15
155,power,-12.0,15
156,brenner,-3.0,15
157,range,-1.0,15
158,entropy,5.0,15
159,sobel,-19.0,15
160,variance,7.0,15
161,power,-19.0,15
162,brenner,1.0,15
163,range,1.0,15
164,entropy,1.0,15
165,sobel,-1.0,15
166,variance,3.0,15
167,power,19.0,15
168,brenner,-1.0,15
169,range,-7.0,15
170,entropy,-1.0,15
171,sobel,-23.0,15
172,variance,-3.0,15
173,power,25.0,15
174,brenner,-1.0,15
175,range,-7.0,15
176,entropy,-1.0,15
177,sobel,-23.0,15
178,variance,-3.0,15
179,power,25.0,15
180,brenner,4.0,15
181,range,8.0,15
182,entropy,8.0,15
183,sobel,-26.0,15
184,variance,4.0,15
185,power,28.0,15
186,brenner,2.0,15
187,range,4.0,15
188,entropy,2.0,15
189,sobel,-8.0,15
190,variance,4.0,15
191,power,-20.0,15
192,brenner,3.0,15
193,range,5.0,15
194,entropy,3.0,15
195,sobel,-19.0,15
196,variance,7.0,15
197,power,-19.0,15
198,brenner,1.0,15
199,range,1.0,15
200,entropy,1.0,15
201,sobel,-1.0,15
202,variance,3.0,15
203,power,19.0,15
204,brenner,1.0,15
205,range,1.0,15
206,entropy,1.0,15
207,sobel,-41.0,15
208,variance,1.0,15
209,power,21.0,15
210,brenner,3.0,15
211,range,5.0,15
212,entropy,5.0,15
213,sobel,-19.0,15
214,variance,7.0,15
215,power,-19.0,15
216,brenner,2.0,15
217,range,4.0,15
218,entropy,2.0,15
219,sobel,-8.0,15
220,variance,4.0,15
221,power,-20.0,15
222,brenner,3.0,15
223,range,5.0,15
224,entropy,5.0,15
225,sobel,-19.0,15
226,variance,7.0,15
227,power,-19.0,15
228,brenner,-1.0,15
229,range,-7.0,15
230,entropy,-1.0,15
231,sobel,25.0,15
232,variance,-3.0,15
233,power,23.0,15
234,brenner,3.0,15
235,range,5.0,15
236,entropy,5.0,15
237,sobel,29.0,15
238,variance,-1.0,15
239,power,-19.0,15
240,brenner,-1.0,15
241,range,5.0,15
242,entropy,5.0,15
243,sobel,-19.0,15
244,variance,7.0,15
245,power,-19.0,15
246,brenner,2.0,15
247,range,-2.0,15
248,entropy,2.0,15
249,sobel,-8.0,15
250,variance,4.0,15
251,power,-20.0,15
252,brenner,-2.0,15
253,range,4.0,15
254,entropy,0.0,15
255,sobel,18.0,15
256,variance,-2.0,15
257,power,30.0,15
258,brenner,-1.0,15
259,range,-7.0,15
260,entropy,-1.0,15
261,sobel,25.0,15
262,variance,-3.0,15
263,power,25.0,15
264,brenner,3.0,15
265,range,5.0,15
266,entropy,5.0,15
267,sobel,29.0,15
268,variance,7.0,15
269,power,-19.0,15
270,brenner,3.0,15
271,range,3.0,15
272,entropy,5.0,15
273,sobel,-19.0,15
274,variance,1.0,15
275,power,-19.0,15
276,brenner,2.0,15
277,range,8.0,15
278,entropy,8.0,15
279,sobel,22.0,15
280,variance,4.0,15
281,power,-12.0,15
282,brenner,4.0,15
283,range,8.0,15
284,entropy,8.0,15
285,sobel,22.0,15
286,variance,4.0,15
287,power,-12.0,15
288,brenner,4.0,15
289,range,8.0,15
290,entropy,8.0,15
291,sobel,22.0,15
292,variance,2.0,15
293,power,-12.0,15
294,brenner,3.0,15
295,range,5.0,15
296,entropy,5.0,15
297,sobel,-19.0,15
298,variance,7.0,15
299,power,-19.0,15
300,brenner,1.0,15
301,range,1.0,15
302,entropy,1.0,15
303,sobel,-41.0,15
304,variance,1.0,15
305,power,-21.0,15
306,brenner,-1.0,15
307,range,1.0,15
308,entropy,-5.0,15
309,sobel,-1.0,15
310,variance,3.0,15
311,power,-11.0,15
312,brenner,-1.0,15
313,range,1.0,15
314,entropy,-1.0,15
315,sobel,25.0,15
316,variance,-3.0,15
317,power,-23.0,15
318,brenner,1.0,15
319,range,1.0,15
320,entropy,1.0,15
321,sobel,-1.0,15
322,variance,3.0,15
323,power,19.0,15
324,brenner,1.0,15
325,range,1.0,15
326,entropy,1.0,15
327,sobel,19.0,15
328,variance,1.0,15
329,power,-21.0,15
330,brenner,-2.0,15
331,range,-2.0,15
332,entropy,0.0,15
333,sobel,-6.0,15
334,variance,-2.0,15
335,power,-26.0,15
336,brenner,3.0,15
337,range,5.0,15
338,entropy,5.0,15
339,sobel,-19.0,15
340,variance,7.0,15
341,power,-19.0,15
342,brenner,-1.0,15
343,range,-7.0,15
344,entropy,-1.0,15
345,sobel,-23.0,15
346,variance,-3.0,15
347,power,25.0,15
348,brenner,-2.0,15
349,range,-2.0,15
350,entropy,0.0,15
351,sobel,-6.0,15
352,variance,-2.0,15
353,power,30.0,15
354,brenner,2.0,15
355,range,4.0,15
356,entropy,2.0,15
357,sobel,38.0,15
358,variance,4.0,15
359,power,42.0,15
360,brenner,-2.0,15
361,range,-2.0,15
362,entropy,0.0,15
363,sobel,-6.0,15
364,variance,-2.0,15
365,power,-26.0,15
366,brenner,1.0,15
367,range,1.0,15
368,entropy,1.0,15
369,sobel,-1.0,15
370,variance,3.0,15
371,power,19.0,15
372,brenner,1.0,15
373,range,1.0,15
374,entropy,1.0,15
375,sobel,-1.0,15
376,variance,3.0,15
377,power,19.0,15
378,brenner,4.0,15
379,range,4.0,15
380,entropy,8.0,15
381,sobel,-26.0,15
382,variance,2.0,15
383,power,-12.0,15
384,brenner,-1.0,15
385,range,-7.0,15
386,entropy,-1.0,15
387,sobel,-23.0,15
388,variance,-3.0,15
389,power,-23.0,15
390,brenner,1.0,15
391,range,1.0,15
392,entropy,1.0,15
393,sobel,-1.0,15
394,variance,3.0,15
395,power,19.0,15
396,brenner,-1.0,15
397,range,-7.0,15
398,entropy,-1.0,15
399,sobel,25.0,15
400,variance,-3.0,15
401,power,25.0,15
402,brenner,1.0,15
403,range,1.0,15
404,entropy,1.0,15
405,sobel,19.0,15
406,variance,1.0,15
407,power,-21.0,15
408,brenner,1.0,15
409,range,1.0,15
410,entropy,1.0,15
411,sobel,-41.0,15
412,variance,1.0,15
413,power,-21.0,15
414,brenner,4.0,15
415,range,8.0,15
416,entropy,8.0,15
417,sobel,22.0,15
418,variance,4.0,15
419,power,-12.0,15
420,brenner,3.0,15
421,range,5.0,15
422,entropy,5.0,15
423,sobel,-19.0,15
424,variance,7.0,15
425,power,-19.0,15
426,brenner,-1.0,15
427,range,-7.0,15
428,entropy,-1.0,15
429,sobel,-23.0,15
430,variance,-3.0,15
431,power,25.0,15
432,brenner,1.0,15
433,range,-1.0,15
434,entropy,1.0,15
435,sobel,19.0,15
436,variance,1.0,15
437,power,-21.0,15
438,brenner,-5.0,15
439,range,1.0,15
440,entropy,1.0,15
441,sobel,-1.0,15
442,variance,3.0,15
443,power,19.0,15
444,brenner,2.0,15
445,range,0.0,15
446,entropy,2.0,15
447,sobel,-8.0,15
448,variance,4.0,15
449,power,-20.0,15
450,brenner,3.0,15
451,range,5.0,15
452,entropy,1.0,15
453,sobel,29.0,15
454,variance,7.0,15
455,power,35.0,15
456,brenner,-1.0,15
457,range,1.0,15
458,entropy,-1.0,15
459,sobel,25.0,15
460,variance,-3.0,15
461,power,25.0,15
462,brenner,3.0,15
463,range,5.0,15
464,entropy,5.0,15
465,sobel,29.0,15
466,variance,7.0,15
467,power,-19.0,15
468,brenner,-2.0,15
469,range,4.0,15
470,entropy,0.0,15
471,sobel,-6.0,15
472,variance,-2.0,15
473,power,30.0,15
474,brenner,1.0,15
475,range,1.0,15
476,entropy,1.0,15
477,sobel,19.0,15
478,variance,1.0,15
479,power,-21.0,15
480,brenner,-2.0,15
481,range,4.0,15
482,entropy,0.0,15
483,sobel,-6.0,15
484,variance,-2.0,15
485,power,-26.0,15
486,brenner,1.0,15
487,range,1.0,15
488,entropy,1.0,15
489,sobel,-41.0,15
490,variance,-1.0,15
491,power,21.0,15
492,brenner,4.0,15
493,range,8.0,15
494,entropy,8.0,15
495,sobel,22.0,15
496,variance,4.0,15
497,power,-12.0,15
498,brenner,4.0,15
499,range,4.0,15
500,entropy,8.0,15
501,sobel,-26.0,15
502,variance,4.0,15
503,power,-12.0,15
504,brenner,-1.0,15
505,range,-7.0,15
506,entropy,-1.0,15
507,sobel,-23.0,15
508,variance,-3.0,15
509,power,25.0,15
510,brenner,1.0,15
511,range,1.0,15
512,entropy,1.0,15
513,sobel,19.0,15
514,variance,1.0,15
515,power,-21.0,15
516,brenner,1.0,15
517,range,1.0,15
518,entropy,1.0,15
519,sobel,-41.0,15
520,variance,1.0,15
521,power,-21.0,15
522,brenner,2.0,15
523,range,4.0,15
524,entropy,2.0,15
525,sobel,-8.0,15
526,variance,4.0,15
527,power,-20.0,15
528,brenner,2.0,15
529,range,4.0,15
530,entropy,2.0,15
531,sobel,-8.0,15
532,variance,4.0,15
533,power,38.0,15
534,brenner,1.0,15
535,range,1.0,15
536,entropy,1.0,15
537,sobel,-1.0,15
538,variance,3.0,15
539,power,19.0,15
540,brenner,1.0,15
541,range,1.0,15
542,entropy,-1.0,15
543,sobel,-1.0,15
544,variance,1.0,15
545,power,19.0,15
546,brenner,2.0,15
547,range,4.0,15
548,entropy,2.0,15
549,sobel,-8.0,15
550,variance,4.0,15
551,power,-20.0,15
552,brenner,-2.0,15
553,range,4.0,15
554,entropy,0.0,15
555,sobel,-6.0,15
556,variance,-2.0,15
557,power,30.0,15
558,brenner,-2.0,15
559,range,4.0,15
560,entropy,0.0,15
561,sobel,-6.0,15
562,variance,-2.0,15
563,power,30.0,15
564,brenner,-1.0,15
565,range,-7.0,15
566,entropy,-1.0,15
567,sobel,-23.0,15
568,variance,-3.0,15
569,power,-23.0,15
570,brenner,1.0,15
571,range,1.0,15
572,entropy,1.0,15
573,sobel,-1.0,15
574,variance,3.0,15
575,power,19.0,15
576,brenner,-1.0,15
577,range,-7.0,15
578,entropy,-1.0,15
579,sobel,-23.0,15
580,variance,-1.0,15
581,power,-23.0,15
582,brenner,3.0,15
583,range,5.0,15
584,entropy,5.0,15
585,sobel,-19.0,15
586,variance,7.0,15
587,power,-19.0,15
588,brenner,2.0,15
589,range,-2.0,15
590,entropy,2.0,15
591,sobel,-8.0,15
592,variance,4.0,15
593,power,-20.0,15
594,brenner,-2.0,15
595,range,4.0,15
596,entropy,0.0,15
597,sobel,-6.0,15
598,variance,-2.0,15
599,power,30.0,15
600,brenner,2.0,15
601,range,4.0,15
602,entropy,2.0,15
603,sobel,-8.0,15
604,variance,4.0,15
605,power,42.0,15
606,brenner,-2.0,20
607,range,4.0,20
608,entropy,0.0,20
609,sobel,-6.0,20
610,variance,-2.0,20
611,power,-26.0,20
612,brenner,1.0,20
613,range,1.0,20
614,entropy,1.0,20
615,sobel,-1.0,20
616,variance,3.0,20
617,power,19.0,20
618,brenner,4.0,20
619,range,8.0,20
620,entropy,8.0,20
621,sobel,-26.0,20
622,variance,4.0,20
623,power,-12.0,20
624,brenner,1.0,20
625,range,1.0,20
626,entropy,1.0,20
627,sobel,-1.0,20
628,variance,3.0,20
629,power,19.0,20
630,brenner,4.0,20
631,range,8.0,20
632,entropy,8.0,20
633,sobel,-26.0,20
634,variance,4.0,20
635,power,-12.0,20
636,brenner,1.0,20
637,range,1.0,20
638,entropy,1.0,20
639,sobel,55.0,20
640,variance,1.0,20
641,power,21.0,20
642,brenner,-2.0,20
643,range,4.0,20
644,entropy,0.0,20
645,sobel,-6.0,20
646,variance,-2.0,20
647,power,30.0,20
648,brenner,1.0,20
649,range,1.0,20
650,entropy,1.0,20
651,sobel,-1.0,20
652,variance,3.0,20
653,power,19.0,20
654,brenner,4.0,20
655,range,8.0,20
656,entropy,8.0,20
657,sobel,22.0,20
658,variance,4.0,20
659,power,-12.0,20
660,brenner,2.0,20
661,range,4.0,20
662,entropy,2.0,20
663,sobel,56.0,20
664,variance,4.0,20
665,power,-20.0,20
666,brenner,2.0,20
667,range,4.0,20
668,entropy,2.0,20
669,sobel,-8.0,20
670,variance,4.0,20
671,power,-20.0,20
672,brenner,2.0,20
673,range,4.0,20
674,entropy,2.0,20
675,sobel,-8.0,20
676,variance,4.0,20
677,power,-20.0,20
678,brenner,-2.0,20
679,range,4.0,20
680,entropy,0.0,20
681,sobel,-6.0,20
682,variance,-2.0,20
683,power,30.0,20
684,brenner,-2.0,20
685,range,4.0,20
686,entropy,0.0,20
687,sobel,-6.0,20
688,variance,-2.0,20
689,power,30.0,20
690,brenner,3.0,20
691,range,5.0,20
692,entropy,5.0,20
693,sobel,-19.0,20
694,variance,7.0,20
695,power,-67.0,20
696,brenner,-2.0,20
697,range,4.0,20
698,entropy,0.0,20
699,sobel,-6.0,20
700,variance,-2.0,20
701,power,30.0,20
702,brenner,-2.0,20
703,range,4.0,20
704,entropy,0.0,20
705,sobel,-6.0,20
706,variance,-2.0,20
707,power,30.0,20
708,brenner,-2.0,20
709,range,4.0,20
710,entropy,0.0,20
711,sobel,-6.0,20
712,variance,-2.0,20
713,power,30.0,20
714,brenner,1.0,20
715,range,1.0,20
716,entropy,1.0,20
717,sobel,19.0,20
718,variance,1.0,20
719,power,21.0,20
720,brenner,3.0,20
721,range,5.0,20
722,entropy,5.0,20
723,sobel,-19.0,20
724,variance,7.0,20
725,power,35.0,20
726,brenner,1.0,20
727,range,1.0,20
728,entropy,1.0,20
729,sobel,-1.0,20
730,variance,3.0,20
731,power,19.0,20
732,brenner,4.0,20
733,range,8.0,20
734,entropy,8.0,20
735,sobel,-26.0,20
736,variance,4.0,20
737,power,28.0,20
738,brenner,2.0,20
739,range,4.0,20
740,entropy,2.0,20
741,sobel,-8.0,20
742,variance,4.0,20
743,power,-20.0,20
744,brenner,3.0,20
745,range,5.0,20
746,entropy,5.0,20
747,sobel,-19.0,20
748,variance,7.0,20
749,power,-67.0,20
750,brenner,-2.0,20
751,range,4.0,20
752,entropy,0.0,20
753,sobel,-6.0,20
754,variance,-2.0,20
755,power,30.0,20
756,brenner,2.0,20
757,range,4.0,20
758,entropy,2.0,20
759,sobel,-8.0,20
760,variance,4.0,20
761,power,42.0,20
762,brenner,2.0,20
763,range,4.0,20
764,entropy,2.0,20
765,sobel,-56.0,20
766,variance,4.0,20
767,power,-20.0,20
768,brenner,-2.0,20
769,range,4.0,20
770,entropy,0.0,20
771,sobel,-6.0,20
772,variance,-2.0,20
773,power,30.0,20
774,brenner,-1.0,20
775,range,-7.0,20
776,entropy,-1.0,20
777,sobel,-23.0,20
778,variance,-3.0,20
779,power,25.0,20
780,brenner,-1.0,20
781,range,-7.0,20
782,entropy,-1.0,20
783,sobel,59.0,20
784,variance,-3.0,20
785,power,25.0,20
786,brenner,1.0,20
787,range,1.0,20
788,entropy,1.0,20
789,sobel,-57.0,20
790,variance,3.0,20
791,power,19.0,20
792,brenner,3.0,20
793,range,5.0,20
794,entropy,5.0,20
795,sobel,29.0,20
796,variance,7.0,20
797,power,-19.0,20
798,brenner,1.0,20
799,range,1.0,20
800,entropy,1.0,20
801,sobel,-1.0,20
802,variance,3.0,20
803,power,19.0,20
804,brenner,1.0,20
805,range,1.0,20
806,entropy,1.0,20
807,sobel,-1.0,20
808,variance,3.0,20
809,power,-11.0,20
810,brenner,-1.0,20
811,range,-7.0,20
812,entropy,-1.0,20
813,sobel,-23.0,20
814,variance,-3.0,20
815,power,25.0,20
816,brenner,2.0,20
817,range,4.0,20
818,entropy,2.0,20
819,sobel,-56.0,20
820,variance,4.0,20
821,power,-20.0,20
822,brenner,1.0,20
823,range,1.0,20
824,entropy,1.0,20
825,sobel,19.0,20
826,variance,1.0,20
827,power,21.0,20
828,brenner,1.0,20
829,range,1.0,20
830,entropy,1.0,20
831,sobel,-1.0,20
832,variance,3.0,20
833,power,19.0,20
834,brenner,1.0,20
835,range,1.0,20
836,entropy,1.0,20
837,sobel,-57.0,20
838,variance,3.0,20
839,power,19.0,20
840,brenner,-1.0,20
841,range,-7.0,20
842,entropy,-1.0,20
843,sobel,-23.0,20
844,variance,-3.0,20
845,power,-23.0,20
846,brenner,-1.0,20
847,range,-7.0,20
848,entropy,-1.0,20
849,sobel,-23.0,20
850,variance,-3.0,20
851,power,25.0,20
852,brenner,2.0,20
853,range,4.0,20
854,entropy,2.0,20
855,sobel,-8.0,20
856,variance,4.0,20
857,power,-20.0,20
858,brenner,-2.0,20
859,range,4.0,20
860,entropy,0.0,20
861,sobel,-6.0,20
862,variance,-2.0,20
863,power,30.0,20
864,brenner,-1.0,20
865,range,-7.0,20
866,entropy,-1.0,20
867,sobel,-23.0,20
868,variance,-3.0,20
869,power,25.0,20
870,brenner,2.0,20
871,range,4.0,20
872,entropy,2.0,20
873,sobel,-56.0,20
874,variance,4.0,20
875,power,-20.0,20
876,brenner,-2.0,20
877,range,4.0,20
878,entropy,0.0,20
879,sobel,-6.0,20
880,variance,-2.0,20
881,power,30.0,20
882,brenner,-2.0,20
883,range,4.0,20
884,entropy,0.0,20
885,sobel,-6.0,20
886,variance,-2.0,20
887,power,30.0,20
888,brenner,1.0,20
889,range,1.0,20
890,entropy,1.0,20
891,sobel,-57.0,20
892,variance,3.0,20
893,power,19.0,20
894,brenner,1.0,20
895,range,1.0,20
896,entropy,1.0,20
897,sobel,55.0,20
898,variance,1.0,20
899,power,21.0,20
900,brenner,-1.0,20
901,range,-7.0,20
902,entropy,-1.0,20
903,sobel,-23.0,20
904,variance,-3.0,20
905,power,25.0,20
906,brenner,1.0,20
907,range,1.0,20
908,entropy,1.0,20
909,sobel,55.0,20
910,variance,1.0,20
911,power,-21.0,20
912,brenner,3.0,20
913,range,5.0,20
914,entropy,5.0,20
915,sobel,-19.0,20
916,variance,7.0,20
917,power,-19.0,20
918,brenner,1.0,20
919,range,1.0,20
920,entropy,1.0,20
921,sobel,19.0,20
922,variance,1.0,20
923,power,-21.0,20
924,brenner,2.0,20
925,range,4.0,20
926,entropy,2.0,20
927,sobel,-56.0,20
928,variance,4.0,20
929,power,-20.0,20
930,brenner,4.0,20
931,range,8.0,20
932,entropy,8.0,20
933,sobel,22.0,20
934,variance,4.0,20
935,power,-12.0,20
936,brenner,2.0,20
937,range,4.0,20
938,entropy,2.0,20
939,sobel,56.0,20
940,variance,4.0,20
941,power,-20.0,20
942,brenner,3.0,20
943,range,5.0,20
944,entropy,5.0,20
945,sobel,-19.0,20
946,variance,7.0,20
947,power,-19.0,20
948,brenner,-2.0,20
949,range,4.0,20
950,entropy,0.0,20
951,sobel,-6.0,20
952,variance,-2.0,20
953,power,30.0,20
954,brenner,-1.0,20
955,range,-7.0,20
956,entropy,-1.0,20
957,sobel,-23.0,20
958,variance,-3.0,20
959,power,25.0,20
960,brenner,3.0,20
961,range,5.0,20
962,entropy,5.0,20
963,sobel,-19.0,20
964,variance,7.0,20
965,power,-19.0,20
966,brenner,3.0,20
967,range,5.0,20
968,entropy,5.0,20
969,sobel,-19.0,20
970,variance,7.0,20
971,power,-19.0,20
972,brenner,3.0,20
973,range,5.0,20
974,entropy,5.0,20
975,sobel,-19.0,20
976,variance,7.0,20
977,power,-19.0,20
978,brenner,4.0,20
979,range,8.0,20
980,entropy,8.0,20
981,sobel,22.0,20
982,variance,4.0,20
983,power,-12.0,20
984,brenner,1.0,20
985,range,1.0,20
986,entropy,1.0,20
987,sobel,-41.0,20
988,variance,1.0,20
989,power,-21.0,20
990,brenner,-1.0,20
991,range,-7.0,20
992,entropy,-1.0,20
993,sobel,59.0,20
994,variance,-3.0,20
995,power,-23.0,20
996,brenner,2.0,20
997,range,4.0,20
998,entropy,2.0,20
999,sobel,-8.0,20
1000,variance,4.0,20
1001,power,-20.0,20
1002,brenner,3.0,20
1003,range,5.0,20
1004,entropy,5.0,20
1005,sobel,29.0,20
1006,variance,7.0,20
1007,power,-19.0,20
1008,brenner,3.0,20
1009,range,5.0,20
1010,entropy,5.0,20
1011,sobel,29.0,20
1012,variance,7.0,20
1013,power,-19.0,20
1014,brenner,4.0,20
1015,range,8.0,20
1016,entropy,8.0,20
1017,sobel,22.0,20
1018,variance,4.0,20
1019,power,-12.0,20
1020,brenner,3.0,20
1021,range,5.0,20
1022,entropy,5.0,20
1023,sobel,-19.0,20
1024,variance,7.0,20
1025,power,-19.0,20
1026,brenner,2.0,20
1027,range,4.0,20
1028,entropy,2.0,20
1029,sobel,-8.0,20
1030,variance,4.0,20
1031,power,-20.0,20
1032,brenner,2.0,20
1033,range,4.0,20
1034,entropy,2.0,20
1035,sobel,56.0,20
1036,variance,4.0,20
1037,power,-20.0,20
1038,brenner,2.0,20
1039,range,4.0,20
1040,entropy,2.0,20
1041,sobel,-8.0,20
1042,variance,4.0,20
1043,power,-20.0,20
1044,brenner,-2.0,20
1045,range,4.0,20
1046,entropy,0.0,20
1047,sobel,-6.0,20
1048,variance,-2.0,20
1049,power,30.0,20
1050,brenner,2.0,20
1051,range,4.0,20
1052,entropy,2.0,20
1053,sobel,-8.0,20
1054,variance,4.0,20
1055,power,-20.0,20
1056,brenner,1.0,20
1057,range,1.0,20
1058,entropy,1.0,20
1059,sobel,-1.0,20
1060,variance,3.0,20
1061,power,-11.0,20
1062,brenner,3.0,20
1063,range,5.0,20
1064,entropy,5.0,20
1065,sobel,29.0,20
1066,variance,7.0,20
1067,power,-19.0,20
1068,brenner,3.0,20
1069,range,5.0,20
1070,entropy,5.0,20
1071,sobel,29.0,20
1072,variance,7.0,20
1073,power,-19.0,20
1074,brenner,-1.0,20
1075,range,-7.0,20
1076,entropy,-1.0,20
1077,sobel,-23.0,20
1078,variance,-3.0,20
1079,power,25.0,20
1080,brenner,1.0,20
1081,range,1.0,20
1082,entropy,1.0,20
1083,sobel,19.0,20
1084,variance,1.0,20
1085,power,-21.0,20
1086,brenner,2.0,20
1087,range,4.0,20
1088,entropy,2.0,20
1089,sobel,-8.0,20
1090,variance,4.0,20
1091,power,-20.0,20
1092,brenner,-2.0,20
1093,range,4.0,20
1094,entropy,0.0,20
1095,sobel,-6.0,20
1096,variance,-2.0,20
1097,power,30.0,20
1098,brenner,-1.0,20
1099,range,-7.0,20
1100,entropy,-1.0,20
1101,sobel,-23.0,20
1102,variance,-3.0,20
1103,power,25.0,20
1104,brenner,-2.0,20
1105,range,4.0,20
1106,entropy,0.0,20
1107,sobel,-6.0,20
1108,variance,-2.0,20
1109,power,-26.0,20
1110,brenner,1.0,20
1111,range,1.0,20
1112,entropy,1.0,20
1113,sobel,-57.0,20
1114,variance,3.0,20
1115,power,19.0,20
1116,brenner,-2.0,20
1117,range,4.0,20
1118,entropy,0.0,20
1119,sobel,-6.0,20
1120,variance,-2.0,20
1121,power,30.0,20
1122,brenner,4.0,20
1123,range,8.0,20
1124,entropy,8.0,20
1125,sobel,22.0,20
1126,variance,4.0,20
1127,power,-12.0,20
1128,brenner,3.0,20
1129,range,5.0,20
1130,entropy,5.0,20
1131,sobel,29.0,20
1132,variance,7.0,20
1133,power,-19.0,20
1134,brenner,1.0,20
1135,range,1.0,20
1136,entropy,1.0,20
1137,sobel,19.0,20
1138,variance,1.0,20
1139,power,-21.0,20
1140,brenner,1.0,20
1141,range,1.0,20
1142,entropy,1.0,20
1143,sobel,-57.0,20
1144,variance,3.0,20
1145,power,19.0,20
1146,brenner,1.0,20
1147,range,1.0,20
1148,entropy,1.0,20
1149,sobel,-41.0,20
1150,variance,1.0,20
1151,power,-21.0,20
1152,brenner,4.0,20
1153,range,8.0,20
1154,entropy,8.0,20
1155,sobel,22.0,20
1156,variance,4.0,20
1157,power,-12.0,20
1158,brenner,-1.0,20
1159,range,-7.0,20
1160,entropy,-1.0,20
1161,sobel,-23.0,20
1162,variance,-3.0,20
1163,power,25.0,20
1164,brenner,3.0,20
1165,range,5.0,20
1166,entropy,5.0,20
1167,sobel,29.0,20
1168,variance,7.0,20
1169,power,-19.0,20
1170,brenner,1.0,20
1171,range,1.0,20
1172,entropy,1.0,20
1173,sobel,-57.0,20
1174,variance,3.0,20
1175,power,-11.0,20
1176,brenner,3.0,20
1177,range,5.0,20
1178,entropy,5.0,20
1179,sobel,-19.0,20
1180,variance,7.0,20
1181,power,-19.0,20
1182,brenner,-2.0,20
1183,range,4.0,20
1184,entropy,0.0,20
1185,sobel,-6.0,20
1186,variance,-2.0,20
1187,power,-26.0,20
1188,brenner,3.0,20
1189,range,5.0,20
1190,entropy,5.0,20
1191,sobel,29.0,20
1192,variance,7.0,20
1193,power,-67.0,20
1194,brenner,1.0,20
1195,range,1.0,20
1196,entropy,1.0,20
1197,sobel,-41.0,20
1198,variance,1.0,20
1199,power,-21.0,20
1200,brenner,-1.0,20
1201,range,-7.0,20
1202,entropy,-1.0,20
1203,sobel,-23.0,20
1204,variance,-3.0,20
1205,power,25.0,20
1206,brenner,-1.0,20
1207,range,-7.0,20
1208,entropy,-1.0,20
1209,sobel,-23.0,20
1210,variance,-3.0,20
1211,power,25.0,20
1212,brenner,1.0,25
1213,range,1.0,25
1214,entropy,1.0,25
1215,sobel,-1.0,25
1216,variance,3.0,25
1217,power,19.0,25
1218,brenner,2.0,25
1219,range,4.0,25
1220,entropy,2.0,25
1221,sobel,56.0,25
1222,variance,4.0,25
1223,power,-20.0,25
1224,brenner,-1.0,25
1225,range,-7.0,25
1226,entropy,-1.0,25
1227,sobel,-23.0,25
1228,variance,-3.0,25
1229,power,25.0,25
1230,brenner,-1.0,25
1231,range,-7.0,25
1232,entropy,-1.0,25
1233,sobel,-23.0,25
1234,variance,-3.0,25
1235,power,25.0,25
1236,brenner,4.0,25
1237,range,8.0,25
1238,entropy,8.0,25
1239,sobel,22.0,25
1240,variance,4.0,25
1241,power,-12.0,25
1242,brenner,4.0,25
1243,range,8.0,25
1244,entropy,8.0,25
1245,sobel,22.0,25
1246,variance,4.0,25
1247,power,-12.0,25
1248,brenner,2.0,25
1249,range,4.0,25
1250,entropy,2.0,25
1251,sobel,56.0,25
1252,variance,4.0,25
1253,power,-20.0,25
1254,brenner,3.0,25
1255,range,5.0,25
1256,entropy,5.0,25
1257,sobel,29.0,25
1258,variance,7.0,25
1259,power,-19.0,25
1260,brenner,-1.0,25
1261,range,-7.0,25
1262,entropy,-1.0,25
1263,sobel,59.0,25
1264,variance,-3.0,25
1265,power,-23.0,25
1266,brenner,2.0,25
1267,range,4.0,25
1268,entropy,2.0,25
1269,sobel,-56.0,25
1270,variance,4.0,25
1271,power,-20.0,25
1272,brenner,1.0,25
1273,range,1.0,25
1274,entropy,1.0,25
1275,sobel,55.0,25
1276,variance,1.0,25
1277,power,-21.0,25
1278,brenner,1.0,25
1279,range,1.0,25
1280,entropy,1.0,25
1281,sobel,-1.0,25
1282,variance,3.0,25
1283,power,19.0,25
1284,brenner,-2.0,25
1285,range,4.0,25
1286,entropy,0.0,25
1287,sobel,-6.0,25
1288,variance,-2.0,25
1289,power,30.0,25
1290,brenner,2.0,25
1291,range,4.0,25
1292,entropy,2.0,25
1293,sobel,-56.0,25
1294,variance,4.0,25
1295,power,-20.0,25
1296,brenner,-1.0,25
1297,range,-7.0,25
1298,entropy,-1.0,25
1299,sobel,59.0,25
1300,variance,-3.0,25
1301,power,25.0,25
1302,brenner,1.0,25
1303,range,1.0,25
1304,entropy,1.0,25
1305,sobel,-41.0,25
1306,variance,1.0,25
1307,power,-21.0,25
1308,brenner,-1.0,25
1309,range,-7.0,25
1310,entropy,-1.0,25
1311,sobel,59.0,25
1312,variance,-3.0,25
1313,power,25.0,25
1314,brenner,1.0,25
1315,range,1.0,25
1316,entropy,1.0,25
1317,sobel,75.0,25
1318,variance,3.0,25
1319,power,19.0,25
1320,brenner,-2.0,25
1321,range,4.0,25
1322,entropy,0.0,25
1323,sobel,-6.0,25
1324,variance,-2.0,25
1325,power,-26.0,25
1326,brenner,4.0,25
1327,range,8.0,25
1328,entropy,8.0,25
1329,sobel,22.0,25
1330,variance,4.0,25
1331,power,-12.0,25
1332,brenner,2.0,25
1333,range,4.0,25
1334,entropy,2.0,25
1335,sobel,-56.0,25
1336,variance,4.0,25
1337,power,-20.0,25
1338,brenner,1.0,25
1339,range,1.0,25
1340,entropy,1.0,25
1341,sobel,55.0,25
1342,variance,1.0,25
1343,power,-21.0,25
1344,brenner,3.0,25
1345,range,5.0,25
1346,entropy,5.0,25
1347,sobel,29.0,25
1348,variance,7.0,25
1349,power,-19.0,25
1350,brenner,4.0,25
1351,range,8.0,25
1352,entropy,8.0,25
1353,sobel,22.0,25
1354,variance,4.0,25
1355,power,-12.0,25
1356,brenner,2.0,25
1357,range,4.0,25
1358,entropy,2.0,25
1359,sobel,-56.0,25
1360,variance,4.0,25
1361,power,-20.0,25
1362,brenner,3.0,25
1363,range,5.0,25
1364,entropy,5.0,25
1365,sobel,-19.0,25
1366,variance,7.0,25
1367,power,-67.0,25
1368,brenner,-1.0,25
1369,range,-7.0,25
1370,entropy,-1.0,25
1371,sobel,-23.0,25
1372,variance,-3.0,25
1373,power,25.0,25
1374,brenner,1.0,25
1375,range,1.0,25
1376,entropy,1.0,25
1377,sobel,-57.0,25
1378,variance,3.0,25
1379,power,19.0,25
1380,brenner,2.0,25
1381,range,4.0,25
1382,entropy,2.0,25
1383,sobel,-56.0,25
1384,variance,4.0,25
1385,power,-20.0,25
1386,brenner,-1.0,25
1387,range,-7.0,25
1388,entropy,-1.0,25
1389,sobel,59.0,25
1390,variance,-3.0,25
1391,power,-23.0,25
1392,brenner,3.0,25
1393,range,5.0,25
1394,entropy,5.0,25
1395,sobel,29.0,25
1396,variance,7.0,25
1397,power,-19.0,25
1398,brenner,1.0,25
1399,range,1.0,25
1400,entropy,1.0,25
1401,sobel,-41.0,25
1402,variance,1.0,25
1403,power,-21.0,25
1404,brenner,-2.0,25
1405,range,4.0,25
1406,entropy,0.0,25
1407,sobel,-6.0,25
1408,variance,-2.0,25
1409,power,30.0,25
1410,brenner,4.0,25
1411,range,8.0,25
1412,entropy,8.0,25
1413,sobel,22.0,25
1414,variance,4.0,25
1415,power,-12.0,25
1416,brenner,4.0,25
1417,range,8.0,25
1418,entropy,8.0,25
1419,sobel,22.0,25
1420,variance,4.0,25
1421,power,-12.0,25
1422,brenner,1.0,25
1423,range,1.0,25
1424,entropy,1.0,25
1425,sobel,55.0,25
1426,variance,1.0,25
1427,power,-21.0,25
1428,brenner,1.0,25
1429,range,1.0,25
1430,entropy,1.0,25
1431,sobel,55.0,25
1432,variance,1.0,25
1433,power,-21.0,25
1434,brenner,1.0,25
1435,range,1.0,25
1436,entropy,1.0,25
1437,sobel,-41.0,25
1438,variance,1.0,25
1439,power,-21.0,25
1440,brenner,2.0,25
1441,range,4.0,25
1442,entropy,2.0,25
1443,sobel,-56.0,25
1444,variance,4.0,25
1445,power,-20.0,25
1446,brenner,3.0,25
1447,range,5.0,25
1448,entropy,5.0,25
1449,sobel,-19.0,25
1450,variance,7.0,25
1451,power,-19.0,25
1452,brenner,-2.0,25
1453,range,4.0,25
1454,entropy,0.0,25
1455,sobel,-6.0,25
1456,variance,-2.0,25
1457,power,30.0,25
1458,brenner,4.0,25
1459,range,8.0,25
1460,entropy,8.0,25
1461,sobel,22.0,25
1462,variance,4.0,25
1463,power,-12.0,25
1464,brenner,2.0,25
1465,range,4.0,25
1466,entropy,2.0,25
1467,sobel,56.0,25
1468,variance,4.0,25
1469,power,-20.0,25
1470,brenner,1.0,25
1471,range,1.0,25
1472,entropy,1.0,25
1473,sobel,-1.0,25
1474,variance,3.0,25
1475,power,19.0,25
1476,brenner,2.0,25
1477,range,4.0,25
1478,entropy,2.0,25
1479,sobel,-56.0,25
1480,variance,4.0,25
1481,power,-20.0,25
1482,brenner,1.0,25
1483,range,1.0,25
1484,entropy,1.0,25
1485,sobel,-57.0,25
1486,variance,3.0,25
1487,power,19.0,25
1488,brenner,1.0,25
1489,range,1.0,25
1490,entropy,1.0,25
1491,sobel,-41.0,25
1492,variance,1.0,25
1493,power,-21.0,25
1494,brenner,1.0,25
1495,range,1.0,25
1496,entropy,1.0,25
1497,sobel,-57.0,25
1498,variance,3.0,25
1499,power,19.0,25
1500,brenner,2.0,25
1501,range,4.0,25
1502,entropy,2.0,25
1503,sobel,56.0,25
1504,variance,4.0,25
1505,power,-20.0,25
1506,brenner,-1.0,25
1507,range,-7.0,25
1508,entropy,-1.0,25
1509,sobel,-23.0,25
1510,variance,-3.0,25
1511,power,25.0,25
1512,brenner,1.0,25
1513,range,1.0,25
1514,entropy,1.0,25
1515,sobel,-57.0,25
1516,variance,3.0,25
1517,power,19.0,25
1518,brenner,4.0,25
1519,range,8.0,25
1520,entropy,8.0,25
1521,sobel,22.0,25
1522,variance,4.0,25
1523,power,-12.0,25
1524,brenner,1.0,25
1525,range,1.0,25
1526,entropy,1.0,25
1527,sobel,-57.0,25
1528,variance,3.0,25
1529,power,19.0,25
1530,brenner,3.0,25
1531,range,5.0,25
1532,entropy,5.0,25
1533,sobel,29.0,25
1534,variance,7.0,25
1535,power,-19.0,25
1536,brenner,4.0,25
1537,range,8.0,25
1538,entropy,8.0,25
1539,sobel,22.0,25
1540,variance,4.0,25
1541,power,-12.0,25
1542,brenner,1.0,25
1543,range,1.0,25
1544,entropy,1.0,25
1545,sobel,-75.0,25
1546,variance,3.0,25
1547,power,19.0,25
1548,brenner,-2.0,25
1549,range,4.0,25
1550,entropy,0.0,25
1551,sobel,-6.0,25
1552,variance,-2.0,25
1553,power,-26.0,25
1554,brenner,1.0,25
1555,range,1.0,25
1556,entropy,1.0,25
1557,sobel,-57.0,25
1558,variance,3.0,25
1559,power,19.0,25
1560,brenner,4.0,25
1561,range,8.0,25
1562,entropy,8.0,25
1563,sobel,22.0,25
1564,variance,4.0,25
1565,power,-12.0,25
1566,brenner,1.0,25
1567,range,1.0,25
1568,entropy,1.0,25
1569,sobel,-41.0,25
1570,variance,1.0,25
1571,power,-21.0,25
1572,brenner,-1.0,25
1573,range,-7.0,25
1574,entropy,-1.0,25
1575,sobel,-23.0,25
1576,variance,-3.0,25
1577,power,25.0,25
1578,brenner,-1.0,25
1579,range,-7.0,25
1580,entropy,-1.0,25
1581,sobel,59.0,25
1582,variance,-3.0,25
1583,power,25.0,25
1584,brenner,-2.0,25
1585,range,4.0,25
1586,entropy,0.0,25
1587,sobel,-6.0,25
1588,variance,-2.0,25
1589,power,28.0,25
1590,brenner,3.0,25
1591,range,5.0,25
1592,entropy,5.0,25
1593,sobel,-19.0,25
1594,variance,7.0,25
1595,power,-61.0,25
1596,brenner,-1.0,25
1597,range,-7.0,25
1598,entropy,-1.0,25
1599,sobel,59.0,25
1600,variance,-3.0,25
1601,power,25.0,25
1602,brenner,4.0,25
1603,range,8.0,25
1604,entropy,8.0,25
1605,sobel,22.0,25
1606,variance,4.0,25
1607,power,-12.0,25
1608,brenner,3.0,25
1609,range,5.0,25
1610,entropy,5.0,25
1611,sobel,29.0,25
1612,variance,7.0,25
1613,power,-19.0,25
1614,brenner,-2.0,25
1615,range,4.0,25
1616,entropy,0.0,25
1617,sobel,-6.0,25
1618,variance,-2.0,25
1619,power,30.0,25
1620,brenner,2.0,25
1621,range,4.0,25
1622,entropy,2.0,25
1623,sobel,56.0,25
1624,variance,4.0,25
1625,power,-20.0,25
1626,brenner,1.0,25
1627,range,1.0,25
1628,entropy,1.0,25
1629,sobel,-41.0,25
1630,variance,1.0,25
1631,power,-21.0,25
1632,brenner,2.0,25
1633,range,4.0,25
1634,entropy,2.0,25
1635,sobel,-56.0,25
1636,variance,4.0,25
1637,power,-20.0,25
1638,brenner,2.0,25
1639,range,4.0,25
1640,entropy,2.0,25
1641,sobel,-8.0,25
1642,variance,4.0,25
1643,power,-20.0,25
1644,brenner,4.0,25
1645,range,8.0,25
1646,entropy,8.0,25
1647,sobel,22.0,25
1648,variance,4.0,25
1649,power,-12.0,25
1650,brenner,-2.0,25
1651,range,4.0,25
1652,entropy,0.0,25
1653,sobel,-6.0,25
1654,variance,-2.0,25
1655,power,30.0,25
1656,brenner,2.0,25
1657,range,4.0,25
1658,entropy,2.0,25
1659,sobel,-56.0,25
1660,variance,4.0,25
1661,power,-20.0,25
1662,brenner,2.0,25
1663,range,4.0,25
1664,entropy,2.0,25
1665,sobel,-56.0,25
1666,variance,4.0,25
1667,power,-20.0,25
1668,brenner,3.0,25
1669,range,5.0,25
1670,entropy,5.0,25
1671,sobel,29.0,25
1672,variance,7.0,25
1673,power,-19.0,25
1674,brenner,1.0,25
1675,range,1.0,25
1676,entropy,1.0,25
1677,sobel,-1.0,25
1678,variance,3.0,25
1679,power,19.0,25
1680,brenner,1.0,25
1681,range,1.0,25
1682,entropy,1.0,25
1683,sobel,-41.0,25
1684,variance,1.0,25
1685,power,-21.0,25
1686,brenner,-2.0,25
1687,range,4.0,25
1688,entropy,0.0,25
1689,sobel,-6.0,25
1690,variance,-2.0,25
1691,power,30.0,25
1692,brenner,2.0,25
1693,range,4.0,25
1694,entropy,2.0,25
1695,sobel,-56.0,25
1696,variance,4.0,25
1697,power,-20.0,25
1698,brenner,3.0,25
1699,range,5.0,25
1700,entropy,5.0,25
1701,sobel,29.0,25
1702,variance,7.0,25
1703,power,-19.0,25
1704,brenner,2.0,25
1705,range,4.0,25
1706,entropy,2.0,25
1707,sobel,56.0,25
1708,variance,4.0,25
1709,power,-20.0,25
1710,brenner,2.0,25
1711,range,4.0,25
1712,entropy,2.0,25
1713,sobel,-56.0,25
1714,variance,4.0,25
1715,power,-20.0,25
1716,brenner,2.0,25
1717,range,4.0,25
1718,entropy,2.0,25
1719,sobel,56.0,25
1720,variance,4.0,25
1721,power,-20.0,25
1722,brenner,-1.0,25
1723,range,-7.0,25
1724,entropy,-1.0,25
1725,sobel,-23.0,25
1726,variance,-3.0,25
1727,power,25.0,25
1728,brenner,-2.0,25
1729,range,4.0,25
1730,entropy,0.0,25
1731,sobel,-6.0,25
1732,variance,-2.0,25
1733,power,30.0,25
1734,brenner,3.0,25
1735,range,5.0,25
1736,entropy,5.0,25
1737,sobel,29.0,25
1738,variance,7.0,25
1739,power,-67.0,25
1740,brenner,-1.0,25
1741,range,-7.0,25
1742,entropy,-1.0,25
1743,sobel,-23.0,25
1744,variance,-3.0,25
1745,power,25.0,25
1746,brenner,-1.0,25
1747,range,-7.0,25
1748,entropy,-1.0,25
1749,sobel,-23.0,25
1750,variance,-3.0,25
1751,power,25.0,25
1752,brenner,-2.0,25
1753,range,4.0,25
1754,entropy,0.0,25
1755,sobel,-6.0,25
1756,variance,-2.0,25
1757,power,30.0,25
1758,brenner,4.0,25
1759,range,8.0,25
1760,entropy,8.0,25
1761,sobel,22.0,25
1762,variance,4.0,25
1763,power,-12.0,25
1764,brenner,1.0,25
1765,range,1.0,25
1766,entropy,1.0,25
1767,sobel,-1.0,25
1768,variance,3.0,25
1769,power,19.0,25
1770,brenner,3.0,25
1771,range,5.0,25
1772,entropy,5.0,25
1773,sobel,29.0,25
1774,variance,7.0,25
1775,power,-19.0,25
1776,brenner,2.0,25
1777,range,4.0,25
1778,entropy,2.0,25
1779,sobel,-8.0,25
1780,variance,4.0,25
1781,power,-20.0,25
1782,brenner,3.0,25
1783,range,5.0,25
1784,entropy,5.0,25
1785,sobel,-19.0,25
1786,variance,7.0,25
1787,power,-19.0,25
1788,brenner,2.0,25
1789,range,4.0,25
1790,entropy,2.0,25
1791,sobel,-56.0,25
1792,variance,4.0,25
1793,power,-20.0,25
1794,brenner,2.0,25
1795,range,4.0,25
1796,entropy,2.0,25
1797,sobel,-56.0,25
1798,variance,4.0,25
1799,power,-20.0,25
1800,brenner,3.0,25
1801,range,5.0,25
1802,entropy,5.0,25
1803,sobel,29.0,25
1804,variance,7.0,25
1805,power,-19.0,25
1806,brenner,4.0,25
1807,range,8.0,25
1808,entropy,8.0,25
1809,sobel,22.0,25
1810,variance,4.0,25
1811,power,-12.0,25
1812,brenner,-2.0,25
1813,range,4.0,25
1814,entropy,0.0,25
1815,sobel,-6.0,25
1816,variance,-2.0,25
1817,power,30.0,25
1818,brenner,2.0,30
1819,range,4.0,30
1820,entropy,2.0,30
1821,sobel,-56.0,30
1822,variance,4.0,30
1823,power,-80.0,30
1824,brenner,2.0,30
1825,range,4.0,30
1826,entropy,2.0,30
1827,sobel,-56.0,30
1828,variance,4.0,30
1829,power,-20.0,30
1830,brenner,1.0,30
1831,range,1.0,30
1832,entropy,1.0,30
1833,sobel,-41.0,30
1834,variance,1.0,30
1835,power,-21.0,30
1836,brenner,-1.0,30
1837,range,-7.0,30
1838,entropy,-1.0,30
1839,sobel,59.0,30
1840,variance,-3.0,30
1841,power,25.0,30
1842,brenner,1.0,30
1843,range,1.0,30
1844,entropy,1.0,30
1845,sobel,75.0,30
1846,variance,3.0,30
1847,power,19.0,30
1848,brenner,-1.0,30
1849,range,-7.0,30
1850,entropy,-1.0,30
1851,sobel,-23.0,30
1852,variance,-3.0,30
1853,power,25.0,30
1854,brenner,-1.0,30
1855,range,-7.0,30
1856,entropy,-1.0,30
1857,sobel,59.0,30
1858,variance,-3.0,30
1859,power,25.0,30
1860,brenner,2.0,30
1861,range,4.0,30
1862,entropy,2.0,30
1863,sobel,80.0,30
1864,variance,4.0,30
1865,power,-20.0,30
1866,brenner,2.0,30
1867,range,4.0,30
1868,entropy,2.0,30
1869,sobel,-56.0,30
1870,variance,4.0,30
1871,power,-20.0,30
1872,brenner,-2.0,30
1873,range,4.0,30
1874,entropy,0.0,30
1875,sobel,-6.0,30
1876,variance,-2.0,30
1877,power,30.0,30
1878,brenner,-2.0,30
1879,range,4.0,30
1880,entropy,0.0,30
1881,sobel,-6.0,30
1882,variance,-2.0,30
1883,power,30.0,30
1884,brenner,4.0,30
1885,range,8.0,30
1886,entropy,8.0,30
1887,sobel,22.0,30
1888,variance,4.0,30
1889,power,-12.0,30
1890,brenner,2.0,30
1891,range,4.0,30
1892,entropy,2.0,30
1893,sobel,-56.0,30
1894,variance,4.0,30
1895,power,-20.0,30
1896,brenner,1.0,30
1897,range,1.0,30
1898,entropy,1.0,30
1899,sobel,-41.0,30
1900,variance,1.0,30
1901,power,-21.0,30
1902,brenner,2.0,30
1903,range,4.0,30
1904,entropy,2.0,30
1905,sobel,-56.0,30
1906,variance,4.0,30
1907,power,-20.0,30
1908,brenner,4.0,30
1909,range,8.0,30
1910,entropy,8.0,30
1911,sobel,22.0,30
1912,variance,4.0,30
1913,power,-12.0,30
1914,brenner,2.0,30
1915,range,4.0,30
1916,entropy,2.0,30
1917,sobel,-56.0,30
1918,variance,4.0,30
1919,power,-20.0,30
1920,brenner,2.0,30
1921,range,4.0,30
1922,entropy,2.0,30
1923,sobel,-56.0,30
1924,variance,4.0,30
1925,power,-80.0,30
1926,brenner,2.0,30
1927,range,4.0,30
1928,entropy,2.0,30
1929,sobel,76.0,30
1930,variance,4.0,30
1931,power,-20.0,30
1932,brenner,1.0,30
1933,range,1.0,30
1934,entropy,1.0,30
1935,sobel,55.0,30
1936,variance,1.0,30
1937,power,-21.0,30
1938,brenner,2.0,30
1939,range,4.0,30
1940,entropy,2.0,30
1941,sobel,80.0,30
1942,variance,4.0,30
1943,power,-20.0,30
1944,brenner,1.0,30
1945,range,1.0,30
1946,entropy,1.0,30
1947,sobel,-57.0,30
1948,variance,3.0,30
1949,power,19.0,30
1950,brenner,-2.0,30
1951,range,4.0,30
1952,entropy,0.0,30
1953,sobel,-6.0,30
1954,variance,-2.0,30
1955,power,30.0,30
1956,brenner,3.0,30
1957,range,5.0,30
1958,entropy,5.0,30
1959,sobel,29.0,30
1960,variance,7.0,30
1961,power,-67.0,30
1962,brenner,-2.0,30
1963,range,4.0,30
1964,entropy,0.0,30
1965,sobel,-6.0,30
1966,variance,-2.0,30
1967,power,30.0,30
1968,brenner,-2.0,30
1969,range,4.0,30
1970,entropy,0.0,30
1971,sobel,-6.0,30
1972,variance,-2.0,30
1973,power,30.0,30
1974,brenner,-2.0,30
1975,range,4.0,30
1976,entropy,0.0,30
1977,sobel,-6.0,30
1978,variance,-2.0,30
1979,power,30.0,30
1980,brenner,1.0,30
1981,range,1.0,30
1982,entropy,1.0,30
1983,sobel,-41.0,30
1984,variance,1.0,30
1985,power,-21.0,30
1986,brenner,-1.0,30
1987,range,-7.0,30
1988,entropy,-1.0,30
1989,sobel,59.0,30
1990,variance,-3.0,30
1991,power,25.0,30
1992,brenner,1.0,30
1993,range,1.0,30
1994,entropy,1.0,30
1995,sobel,-75.0,30
1996,variance,1.0,30
1997,power,-21.0,30
1998,brenner,4.0,30
1999,range,8.0,30
2000,entropy,8.0,30
2001,sobel,22.0,30
2002,variance,4.0,30
2003,power,-12.0,30
2004,brenner,2.0,30
2005,range,4.0,30
2006,entropy,2.0,30
2007,sobel,-56.0,30
2008,variance,4.0,30
2009,power,-20.0,30
2010,brenner,-1.0,30
2011,range,-7.0,30
2012,entropy,-1.0,30
2013,sobel,59.0,30
2014,variance,-3.0,30
2015,power,25.0,30
2016,brenner,-1.0,30
2017,range,-7.0,30
2018,entropy,-1.0,30
2019,sobel,59.0,30
2020,variance,-3.0,30
2021,power,25.0,30
2022,brenner,2.0,30
2023,range,4.0,30
2024,entropy,2.0,30
2025,sobel,76.0,30
2026,variance,4.0,30
2027,power,-20.0,30
2028,brenner,3.0,30
2029,range,5.0,30
2030,entropy,5.0,30
2031,sobel,29.0,30
2032,variance,7.0,30
2033,power,-67.0,30
2034,brenner,1.0,30
2035,range,1.0,30
2036,entropy,1.0,30
2037,sobel,-75.0,30
2038,variance,3.0,30
2039,power,19.0,30
2040,brenner,4.0,30
2041,range,8.0,30
2042,entropy,8.0,30
2043,sobel,22.0,30
2044,variance,4.0,30
2045,power,-12.0,30
2046,brenner,3.0,30
2047,range,5.0,30
2048,entropy,5.0,30
2049,sobel,29.0,30
2050,variance,7.0,30
2051,power,-67.0,30
2052,brenner,-2.0,30
2053,range,4.0,30
2054,entropy,0.0,30
2055,sobel,-6.0,30
2056,variance,-2.0,30
2057,power,30.0,30
2058,brenner,1.0,30
2059,range,1.0,30
2060,entropy,1.0,30
2061,sobel,75.0,30
2062,variance,3.0,30
2063,power,19.0,30
2064,brenner,4.0,30
2065,range,8.0,30
2066,entropy,8.0,30
2067,sobel,22.0,30
2068,variance,4.0,30
2069,power,-12.0,30
2070,brenner,3.0,30
2071,range,5.0,30
2072,entropy,5.0,30
2073,sobel,29.0,30
2074,variance,7.0,30
2075,power,-67.0,30
2076,brenner,1.0,30
2077,range,1.0,30
2078,entropy,1.0,30
2079,sobel,55.0,30
2080,variance,1.0,30
2081,power,-21.0,30
2082,brenner,3.0,30
2083,range,5.0,30
2084,entropy,5.0,30
2085,sobel,29.0,30
2086,variance,7.0,30
2087,power,-19.0,30
2088,brenner,4.0,30
2089,range,8.0,30
2090,entropy,8.0,30
2091,sobel,22.0,30
2092,variance,4.0,30
2093,power,-12.0,30
2094,brenner,4.0,30
2095,range,8.0,30
2096,entropy,8.0,30
2097,sobel,22.0,30
2098,variance,4.0,30
2099,power,-12.0,30
2100,brenner,1.0,30
2101,range,1.0,30
2102,entropy,1.0,30
2103,sobel,-75.0,30
2104,variance,3.0,30
2105,power,19.0,30
2106,brenner,4.0,30
2107,range,8.0,30
2108,entropy,8.0,30
2109,sobel,22.0,30
2110,variance,4.0,30
2111,power,-12.0,30
2112,brenner,-2.0,30
2113,range,4.0,30
2114,entropy,0.0,30
2115,sobel,-6.0,30
2116,variance,-2.0,30
2117,power,30.0,30
2118,brenner,-1.0,30
2119,range,-7.0,30
2120,entropy,-1.0,30
2121,sobel,-23.0,30
2122,variance,-3.0,30
2123,power,25.0,30
2124,brenner,2.0,30
2125,range,4.0,30
2126,entropy,2.0,30
2127,sobel,-56.0,30
2128,variance,4.0,30
2129,power,-20.0,30
2130,brenner,1.0,30
2131,range,1.0,30
2132,entropy,1.0,30
2133,sobel,-57.0,30
2134,variance,3.0,30
2135,power,19.0,30
2136,brenner,-2.0,30
2137,range,4.0,30
2138,entropy,0.0,30
2139,sobel,-6.0,30
2140,variance,-2.0,30
2141,power,30.0,30
2142,brenner,1.0,30
2143,range,1.0,30
2144,entropy,1.0,30
2145,sobel,-75.0,30
2146,variance,3.0,30
2147,power,19.0,30
2148,brenner,1.0,30
2149,range,1.0,30
2150,entropy,1.0,30
2151,sobel,-57.0,30
2152,variance,3.0,30
2153,power,19.0,30
2154,brenner,2.0,30
2155,range,4.0,30
2156,entropy,2.0,30
2157,sobel,80.0,30
2158,variance,4.0,30
2159,power,-20.0,30
2160,brenner,2.0,30
2161,range,4.0,30
2162,entropy,2.0,30
2163,sobel,-56.0,30
2164,variance,4.0,30
2165,power,-20.0,30
2166,brenner,2.0,30
2167,range,4.0,30
2168,entropy,2.0,30
2169,sobel,56.0,30
2170,variance,4.0,30
2171,power,-20.0,30
2172,brenner,1.0,30
2173,range,1.0,30
2174,entropy,1.0,30
2175,sobel,-75.0,30
2176,variance,1.0,30
2177,power,-21.0,30
2178,brenner,1.0,30
2179,range,1.0,30
2180,entropy,1.0,30
2181,sobel,-75.0,30
2182,variance,1.0,30
2183,power,-21.0,30
2184,brenner,2.0,30
2185,range,4.0,30
2186,entropy,2.0,30
2187,sobel,76.0,30
2188,variance,4.0,30
2189,power,-20.0,30
2190,brenner,3.0,30
2191,range,5.0,30
2192,entropy,5.0,30
2193,sobel,29.0,30
2194,variance,7.0,30
2195,power,-61.0,30
2196,brenner,4.0,30
2197,range,8.0,30
2198,entropy,8.0,30
2199,sobel,22.0,30
2200,variance,4.0,30
2201,power,-12.0,30
2202,brenner,-1.0,30
2203,range,-7.0,30
2204,entropy,-1.0,30
2205,sobel,-23.0,30
2206,variance,-3.0,30
2207,power,25.0,30
2208,brenner,-2.0,30
2209,range,4.0,30
2210,entropy,0.0,30
2211,sobel,-6.0,30
2212,variance,-2.0,30
2213,power,30.0,30
2214,brenner,-1.0,30
2215,range,-7.0,30
2216,entropy,-1.0,30
2217,sobel,59.0,30
2218,variance,-3.0,30
2219,power,25.0,30
2220,brenner,4.0,30
2221,range,8.0,30
2222,entropy,8.0,30
2223,sobel,22.0,30
2224,variance,4.0,30
2225,power,-12.0,30
2226,brenner,-2.0,30
2227,range,4.0,30
2228,entropy,0.0,30
2229,sobel,-6.0,30
2230,variance,-2.0,30
2231,power,30.0,30
2232,brenner,-2.0,30
2233,range,4.0,30
2234,entropy,0.0,30
2235,sobel,-6.0,30
2236,variance,-2.0,30
2237,power,30.0,30
2238,brenner,1.0,30
2239,range,1.0,30
2240,entropy,1.0,30
2241,sobel,-57.0,30
2242,variance,3.0,30
2243,power,19.0,30
2244,brenner,-2.0,30
2245,range,4.0,30
2246,entropy,0.0,30
2247,sobel,-6.0,30
2248,variance,-2.0,30
2249,power,30.0,30
2250,brenner,-2.0,30
2251,range,4.0,30
2252,entropy,0.0,30
2253,sobel,-6.0,30
2254,variance,-2.0,30
2255,power,30.0,30
2256,brenner,2.0,30
2257,range,4.0,30
2258,entropy,2.0,30
2259,sobel,-56.0,30
2260,variance,4.0,30
2261,power,-20.0,30
2262,brenner,-1.0,30
2263,range,-7.0,30
2264,entropy,-1.0,30
2265,sobel,59.0,30
2266,variance,-3.0,30
2267,power,25.0,30
2268,brenner,1.0,30
2269,range,1.0,30
2270,entropy,1.0,30
2271,sobel,-75.0,30
2272,variance,3.0,30
2273,power,19.0,30
2274,brenner,-1.0,30
2275,range,-7.0,30
2276,entropy,-1.0,30
2277,sobel,59.0,30
2278,variance,-3.0,30
2279,power,25.0,30
2280,brenner,-1.0,30
2281,range,-7.0,30
2282,entropy,-1.0,30
2283,sobel,59.0,30
2284,variance,-3.0,30
2285,power,25.0,30
2286,brenner,4.0,30
2287,range,8.0,30
2288,entropy,8.0,30
2289,sobel,22.0,30
2290,variance,4.0,30
2291,power,-12.0,30
2292,brenner,1.0,30
2293,range,1.0,30
2294,entropy,1.0,30
2295,sobel,-41.0,30
2296,variance,1.0,30
2297,power,-21.0,30
2298,brenner,3.0,30
2299,range,5.0,30
2300,entropy,5.0,30
2301,sobel,29.0,30
2302,variance,7.0,30
2303,power,-19.0,30
2304,brenner,4.0,30
2305,range,8.0,30
2306,entropy,8.0,30
2307,sobel,22.0,30
2308,variance,4.0,30
2309,power,-12.0,30
2310,brenner,1.0,30
2311,range,1.0,30
2312,entropy,1.0,30
2313,sobel,75.0,30
2314,variance,3.0,30
2315,power,19.0,30
2316,brenner,-1.0,30
2317,range,-7.0,30
2318,entropy,-1.0,30
2319,sobel,-23.0,30
2320,variance,-3.0,30
2321,power,25.0,30
2322,brenner,1.0,30
2323,range,1.0,30
2324,entropy,1.0,30
2325,sobel,-1.0,30
2326,variance,3.0,30
2327,power,19.0,30
2328,brenner,1.0,30
2329,range,1.0,30
2330,entropy,1.0,30
2331,sobel,-1.0,30
2332,variance,3.0,30
2333,power,19.0,30
2334,brenner,2.0,30
2335,range,4.0,30
2336,entropy,2.0,30
2337,sobel,-56.0,30
2338,variance,4.0,30
2339,power,-20.0,30
2340,brenner,3.0,30
2341,range,5.0,30
2342,entropy,5.0,30
2343,sobel,29.0,30
2344,variance,7.0,30
2345,power,-19.0,30
2346,brenner,3.0,30
2347,range,5.0,30
2348,entropy,5.0,30
2349,sobel,29.0,30
2350,variance,7.0,30
2351,power,-19.0,30
2352,brenner,2.0,30
2353,range,4.0,30
2354,entropy,2.0,30
2355,sobel,-56.0,30
2356,variance,4.0,30
2357,power,-20.0,30
2358,brenner,2.0,30
2359,range,4.0,30
2360,entropy,2.0,30
2361,sobel,-56.0,30
2362,variance,4.0,30
2363,power,-20.0,30
2364,brenner,2.0,30
2365,range,4.0,30
2366,entropy,2.0,30
2367,sobel,56.0,30
2368,variance,4.0,30
2369,power,-20.0,30
2370,brenner,2.0,30
2371,range,4.0,30
2372,entropy,2.0,30
2373,sobel,56.0,30
2374,variance,4.0,30
2375,power,-20.0,30
2376,brenner,4.0,30
2377,range,8.0,30
2378,entropy,8.0,30
2379,sobel,22.0,30
2380,variance,4.0,30
2381,power,-12.0,30
2382,brenner,-2.0,30
2383,range,4.0,30
2384,entropy,0.0,30
2385,sobel,-6.0,30
2386,variance,-2.0,30
2387,power,30.0,30
2388,brenner,3.0,30
2389,range,5.0,30
2390,entropy,5.0,30
2391,sobel,29.0,30
2392,variance,7.0,30
2393,power,-67.0,30
2394,brenner,3.0,30
2395,range,5.0,30
2396,entropy,5.0,30
2397,sobel,29.0,30
2398,variance,7.0,30
2399,power,-67.0,30
2400,brenner,-1.0,30
2401,range,-7.0,30
2402,entropy,-1.0,30
2403,sobel,59.0,30
2404,variance,-3.0,30
2405,power,25.0,30
2406,brenner,4.0,30
2407,range,8.0,30
2408,entropy,8.0,30
2409,sobel,22.0,30
2410,variance,4.0,30
2411,power,-12.0,30
2412,brenner,1.0,30
2413,range,1.0,30
2414,entropy,1.0,30
2415,sobel,-1.0,30
2416,variance,3.0,30
2417,power,19.0,30
2418,brenner,1.0,30
2419,range,1.0,30
2420,entropy,1.0,30
2421,sobel,-75.0,30
2422,variance,1.0,30
2423,power,-21.0,30
2424,brenner,1.0,40
2425,range,1.0,40
2426,entropy,1.0,40
2427,sobel,-41.0,40
2428,variance,1.0,40
2429,power,-21.0,40
2430,brenner,1.0,40
2431,range,1.0,40
2432,entropy,1.0,40
2433,sobel,-41.0,40
2434,variance,1.0,40
2435,power,-21.0,40
2436,brenner,2.0,40
2437,range,4.0,40
2438,entropy,2.0,40
2439,sobel,76.0,40
2440,variance,4.0,40
2441,power,-20.0,40
2442,brenner,1.0,40
2443,range,1.0,40
2444,entropy,1.0,40
2445,sobel,-75.0,40
2446,variance,1.0,40
2447,power,-21.0,40
2448,brenner,1.0,40
2449,range,1.0,40
2450,entropy,1.0,40
2451,sobel,75.0,40
2452,variance,3.0,40
2453,power,19.0,40
2454,brenner,2.0,40
2455,range,4.0,40
2456,entropy,2.0,40
2457,sobel,80.0,40
2458,variance,4.0,40
2459,power,-80.0,40
2460,brenner,1.0,40
2461,range,1.0,40
2462,entropy,1.0,40
2463,sobel,-75.0,40
2464,variance,3.0,40
2465,power,19.0,40
2466,brenner,1.0,40
2467,range,1.0,40
2468,entropy,1.0,40
2469,sobel,75.0,40
2470,variance,3.0,40
2471,power,19.0,40
2472,brenner,-1.0,40
2473,range,-7.0,40
2474,entropy,-1.0,40
2475,sobel,-23.0,40
2476,variance,-3.0,40
2477,power,25.0,40
2478,brenner,1.0,40
2479,range,1.0,40
2480,entropy,1.0,40
2481,sobel,-75.0,40
2482,variance,1.0,40
2483,power,-21.0,40
2484,brenner,-2.0,40
2485,range,4.0,40
2486,entropy,0.0,40
2487,sobel,-6.0,40
2488,variance,-2.0,40
2489,power,30.0,40
2490,brenner,3.0,40
2491,range,5.0,40
2492,entropy,5.0,40
2493,sobel,29.0,40
2494,variance,7.0,40
2495,power,-67.0,40
2496,brenner,1.0,40
2497,range,1.0,40
2498,entropy,1.0,40
2499,sobel,75.0,40
2500,variance,3.0,40
2501,power,19.0,40
2502,brenner,1.0,40
2503,range,1.0,40
2504,entropy,1.0,40
2505,sobel,-41.0,40
2506,variance,1.0,40
2507,power,-21.0,40
2508,brenner,4.0,40
2509,range,8.0,40
2510,entropy,8.0,40
2511,sobel,22.0,40
2512,variance,4.0,40
2513,power,-12.0,40
2514,brenner,-2.0,40
2515,range,4.0,40
2516,entropy,0.0,40
2517,sobel,-6.0,40
2518,variance,-2.0,40
2519,power,30.0,40
2520,brenner,2.0,40
2521,range,4.0,40
2522,entropy,2.0,40
2523,sobel,80.0,40
2524,variance,4.0,40
2525,power,-80.0,40
2526,brenner,4.0,40
2527,range,8.0,40
2528,entropy,8.0,40
2529,sobel,22.0,40
2530,variance,4.0,40
2531,power,-12.0,40
2532,brenner,4.0,40
2533,range,8.0,40
2534,entropy,8.0,40
2535,sobel,22.0,40
2536,variance,4.0,40
2537,power,-12.0,40
2538,brenner,-2.0,40
2539,range,4.0,40
2540,entropy,0.0,40
2541,sobel,-6.0,40
2542,variance,-2.0,40
2543,power,30.0,40
2544,brenner,1.0,40
2545,range,1.0,40
2546,entropy,1.0,40
2547,sobel,-41.0,40
2548,variance,1.0,40
2549,power,-21.0,40
2550,brenner,4.0,40
2551,range,8.0,40
2552,entropy,8.0,40
2553,sobel,22.0,40
2554,variance,4.0,40
2555,power,-12.0,40
2556,brenner,3.0,40
2557,range,5.0,40
2558,entropy,5.0,40
2559,sobel,29.0,40
2560,variance,7.0,40
2561,power,-67.0,40
2562,brenner,4.0,40
2563,range,8.0,40
2564,entropy,8.0,40
2565,sobel,22.0,40
2566,variance,4.0,40
2567,power,-12.0,40
2568,brenner,1.0,40
2569,range,1.0,40
2570,entropy,1.0,40
2571,sobel,-41.0,40
2572,variance,1.0,40
2573,power,-21.0,40
2574,brenner,4.0,40
2575,range,8.0,40
2576,entropy,8.0,40
2577,sobel,22.0,40
2578,variance,4.0,40
2579,power,-12.0,40
2580,brenner,4.0,40
2581,range,8.0,40
2582,entropy,8.0,40
2583,sobel,22.0,40
2584,variance,4.0,40
2585,power,-12.0,40
2586,brenner,1.0,40
2587,range,1.0,40
2588,entropy,1.0,40
2589,sobel,-75.0,40
2590,variance,1.0,40
2591,power,-21.0,40
2592,brenner,3.0,40
2593,range,5.0,40
2594,entropy,5.0,40
2595,sobel,29.0,40
2596,variance,7.0,40
2597,power,-67.0,40
2598,brenner,3.0,40
2599,range,5.0,40
2600,entropy,5.0,40
2601,sobel,29.0,40
2602,variance,7.0,40
2603,power,-67.0,40
2604,brenner,2.0,40
2605,range,4.0,40
2606,entropy,2.0,40
2607,sobel,80.0,40
2608,variance,4.0,40
2609,power,-80.0,40
2610,brenner,3.0,40
2611,range,5.0,40
2612,entropy,5.0,40
2613,sobel,29.0,40
2614,variance,7.0,40
2615,power,-19.0,40
2616,brenner,3.0,40
2617,range,5.0,40
2618,entropy,5.0,40
2619,sobel,29.0,40
2620,variance,7.0,40
2621,power,-67.0,40
2622,brenner,3.0,40
2623,range,5.0,40
2624,entropy,5.0,40
2625,sobel,29.0,40
2626,variance,7.0,40
2627,power,-61.0,40
2628,brenner,3.0,40
2629,range,5.0,40
2630,entropy,5.0,40
2631,sobel,29.0,40
2632,variance,7.0,40
2633,power,-67.0,40
2634,brenner,-1.0,40
2635,range,-7.0,40
2636,entropy,-1.0,40
2637,sobel,59.0,40
2638,variance,-3.0,40
2639,power,25.0,40
2640,brenner,-1.0,40
2641,range,-7.0,40
2642,entropy,-1.0,40
2643,sobel,-23.0,40
2644,variance,-3.0,40
2645,power,25.0,40
2646,brenner,4.0,40
2647,range,8.0,40
2648,entropy,8.0,40
2649,sobel,22.0,40
2650,variance,4.0,40
2651,power,-12.0,40
2652,brenner,-1.0,40
2653,range,-7.0,40
2654,entropy,-1.0,40
2655,sobel,59.0,40
2656,variance,-3.0,40
2657,power,25.0,40
2658,brenner,1.0,40
2659,range,1.0,40
2660,entropy,1.0,40
2661,sobel,-75.0,40
2662,variance,1.0,40
2663,power,-21.0,40
2664,brenner,1.0,40
2665,range,1.0,40
2666,entropy,1.0,40
2667,sobel,75.0,40
2668,variance,3.0,40
2669,power,19.0,40
2670,brenner,2.0,40
2671,range,4.0,40
2672,entropy,2.0,40
2673,sobel,-56.0,40
2674,variance,4.0,40
2675,power,-20.0,40
2676,brenner,1.0,40
2677,range,1.0,40
2678,entropy,1.0,40
2679,sobel,75.0,40
2680,variance,3.0,40
2681,power,19.0,40
2682,brenner,1.0,40
2683,range,1.0,40
2684,entropy,1.0,40
2685,sobel,-75.0,40
2686,variance,1.0,40
2687,power,-21.0,40
2688,brenner,2.0,40
2689,range,4.0,40
2690,entropy,2.0,40
2691,sobel,-56.0,40
2692,variance,4.0,40
2693,power,-20.0,40
2694,brenner,1.0,40
2695,range,1.0,40
2696,entropy,1.0,40
2697,sobel,-75.0,40
2698,variance,3.0,40
2699,power,19.0,40
2700,brenner,-1.0,40
2701,range,-7.0,40
2702,entropy,-1.0,40
2703,sobel,59.0,40
2704,variance,-3.0,40
2705,power,25.0,40
2706,brenner,1.0,40
2707,range,1.0,40
2708,entropy,1.0,40
2709,sobel,-41.0,40
2710,variance,1.0,40
2711,power,-21.0,40
2712,brenner,-2.0,40
2713,range,4.0,40
2714,entropy,0.0,40
2715,sobel,-6.0,40
2716,variance,-2.0,40
2717,power,30.0,40
2718,brenner,1.0,40
2719,range,1.0,40
2720,entropy,1.0,40
2721,sobel,-41.0,40
2722,variance,1.0,40
2723,power,-21.0,40
2724,brenner,1.0,40
2725,range,1.0,40
2726,entropy,1.0,40
2727,sobel,75.0,40
2728,variance,3.0,40
2729,power,19.0,40
2730,brenner,2.0,40
2731,range,4.0,40
2732,entropy,2.0,40
2733,sobel,-56.0,40
2734,variance,4.0,40
2735,power,-80.0,40
2736,brenner,4.0,40
2737,range,8.0,40
2738,entropy,8.0,40
2739,sobel,22.0,40
2740,variance,4.0,40
2741,power,-12.0,40
2742,brenner,1.0,40
2743,range,1.0,40
2744,entropy,1.0,40
2745,sobel,-75.0,40
2746,variance,1.0,40
2747,power,-21.0,40
2748,brenner,-2.0,40
2749,range,4.0,40
2750,entropy,0.0,40
2751,sobel,-6.0,40
2752,variance,-2.0,40
2753,power,30.0,40
2754,brenner,2.0,40
2755,range,4.0,40
2756,entropy,2.0,40
2757,sobel,76.0,40
2758,variance,4.0,40
2759,power,-20.0,40
2760,brenner,-1.0,40
2761,range,-7.0,40
2762,entropy,-1.0,40
2763,sobel,-23.0,40
2764,variance,-3.0,40
2765,power,25.0,40
2766,brenner,1.0,40
2767,range,1.0,40
2768,entropy,1.0,40
2769,sobel,-75.0,40
2770,variance,3.0,40
2771,power,19.0,40
2772,brenner,3.0,40
2773,range,5.0,40
2774,entropy,5.0,40
2775,sobel,29.0,40
2776,variance,7.0,40
2777,power,-19.0,40
2778,brenner,1.0,40
2779,range,1.0,40
2780,entropy,1.0,40
2781,sobel,-41.0,40
2782,variance,1.0,40
2783,power,-21.0,40
2784,brenner,2.0,40
2785,range,4.0,40
2786,entropy,2.0,40
2787,sobel,-56.0,40
2788,variance,4.0,40
2789,power,-80.0,40
2790,brenner,1.0,40
2791,range,1.0,40
2792,entropy,1.0,40
2793,sobel,-75.0,40
2794,variance,3.0,40
2795,power,19.0,40
2796,brenner,4.0,40
2797,range,8.0,40
2798,entropy,8.0,40
2799,sobel,22.0,40
2800,variance,4.0,40
2801,power,-12.0,40
2802,brenner,4.0,40
2803,range,8.0,40
2804,entropy,8.0,40
2805,sobel,22.0,40
2806,variance,4.0,40
2807,power,-12.0,40
2808,brenner,1.0,40
2809,range,1.0,40
2810,entropy,1.0,40
2811,sobel,-75.0,40
2812,variance,3.0,40
2813,power,19.0,40
2814,brenner,1.0,40
2815,range,1.0,40
2816,entropy,1.0,40
2817,sobel,-75.0,40
2818,variance,1.0,40
2819,power,-21.0,40
2820,brenner,4.0,40
2821,range,8.0,40
2822,entropy,8.0,40
2823,sobel,22.0,40
2824,variance,4.0,40
2825,power,-12.0,40
2826,brenner,4.0,40
2827,range,8.0,40
2828,entropy,8.0,40
2829,sobel,22.0,40
2830,variance,4.0,40
2831,power,-12.0,40
2832,brenner,2.0,40
2833,range,4.0,40
2834,entropy,2.0,40
2835,sobel,-56.0,40
2836,variance,4.0,40
2837,power,-80.0,40
2838,brenner,-2.0,40
2839,range,4.0,40
2840,entropy,0.0,40
2841,sobel,-6.0,40
2842,variance,-2.0,40
2843,power,30.0,40
2844,brenner,4.0,40
2845,range,8.0,40
2846,entropy,8.0,40
2847,sobel,22.0,40
2848,variance,4.0,40
2849,power,-12.0,40
2850,brenner,4.0,40
2851,range,8.0,40
2852,entropy,8.0,40
2853,sobel,22.0,40
2854,variance,4.0,40
2855,power,-12.0,40
2856,brenner,2.0,40
2857,range,4.0,40
2858,entropy,2.0,40
2859,sobel,-56.0,40
2860,variance,4.0,40
2861,power,-20.0,40
2862,brenner,-2.0,40
2863,range,4.0,40
2864,entropy,0.0,40
2865,sobel,-6.0,40
2866,variance,-2.0,40
2867,power,30.0,40
2868,brenner,1.0,40
2869,range,1.0,40
2870,entropy,1.0,40
2871,sobel,75.0,40
2872,variance,3.0,40
2873,power,19.0,40
2874,brenner,1.0,40
2875,range,1.0,40
2876,entropy,1.0,40
2877,sobel,-75.0,40
2878,variance,1.0,40
2879,power,-21.0,40
2880,brenner,4.0,40
2881,range,8.0,40
2882,entropy,8.0,40
2883,sobel,22.0,40
2884,variance,4.0,40
2885,power,-12.0,40
2886,brenner,-2.0,40
2887,range,4.0,40
2888,entropy,0.0,40
2889,sobel,-6.0,40
2890,variance,-2.0,40
2891,power,30.0,40
2892,brenner,1.0,40
2893,range,1.0,40
2894,entropy,1.0,40
2895,sobel,-75.0,40
2896,variance,3.0,40
2897,power,19.0,40
2898,brenner,-1.0,40
2899,range,-7.0,40
2900,entropy,-1.0,40
2901,sobel,59.0,40
2902,variance,-3.0,40
2903,power,25.0,40
2904,brenner,-1.0,40
2905,range,-7.0,40
2906,entropy,-1.0,40
2907,sobel,59.0,40
2908,variance,-3.0,40
2909,power,25.0,40
2910,brenner,1.0,40
2911,range,1.0,40
2912,entropy,1.0,40
2913,sobel,-75.0,40
2914,variance,1.0,40
2915,power,-21.0,40
2916,brenner,-1.0,40
2917,range,-7.0,40
2918,entropy,-1.0,40
2919,sobel,59.0,40
2920,variance,-3.0,40
2921,power,25.0,40
2922,brenner,4.0,40
2923,range,8.0,40
2924,entropy,8.0,40
2925,sobel,22.0,40
2926,variance,4.0,40
2927,power,-12.0,40
2928,brenner,3.0,40
2929,range,5.0,40
2930,entropy,5.0,40
2931,sobel,29.0,40
2932,variance,7.0,40
2933,power,-19.0,40
2934,brenner,-1.0,40
2935,range,-7.0,40
2936,entropy,-1.0,40
2937,sobel,59.0,40
2938,variance,-3.0,40
2939,power,25.0,40
2940,brenner,1.0,40
2941,range,1.0,40
2942,entropy,1.0,40
2943,sobel,-41.0,40
2944,variance,1.0,40
2945,power,-21.0,40
2946,brenner,2.0,40
2947,range,4.0,40
2948,entropy,2.0,40
2949,sobel,-56.0,40
2950,variance,4.0,40
2951,power,-20.0,40
2952,brenner,2.0,40
2953,range,4.0,40
2954,entropy,2.0,40
2955,sobel,80.0,40
2956,variance,4.0,40
2957,power,-20.0,40
2958,brenner,1.0,40
2959,range,1.0,40
2960,entropy,1.0,40
2961,sobel,-75.0,40
2962,variance,1.0,40
2963,power,-21.0,40
2964,brenner,-1.0,40
2965,range,-7.0,40
2966,entropy,-1.0,40
2967,sobel,59.0,40
2968,variance,-3.0,40
2969,power,25.0,40
2970,brenner,2.0,40
2971,range,4.0,40
2972,entropy,2.0,40
2973,sobel,-56.0,40
2974,variance,4.0,40
2975,power,-80.0,40
2976,brenner,2.0,40
2977,range,4.0,40
2978,entropy,2.0,40
2979,sobel,80.0,40
2980,variance,4.0,40
2981,power,-80.0,40
2982,brenner,3.0,40
2983,range,5.0,40
2984,entropy,5.0,40
2985,sobel,29.0,40
2986,variance,7.0,40
2987,power,-67.0,40
2988,brenner,4.0,40
2989,range,8.0,40
2990,entropy,8.0,40
2991,sobel,22.0,40
2992,variance,4.0,40
2993,power,-12.0,40
2994,brenner,1.0,40
2995,range,1.0,40
2996,entropy,1.0,40
2997,sobel,-75.0,40
2998,variance,1.0,40
2999,power,-21.0,40
3000,brenner,2.0,40
3001,range,4.0,40
3002,entropy,2.0,40
3003,sobel,-56.0,40
3004,variance,4.0,40
3005,power,-20.0,40
3006,brenner,1.0,40
3007,range,1.0,40
3008,entropy,1.0,40
3009,sobel,-75.0,40
3010,variance,1.0,40
3011,power,-21.0,40
3012,brenner,-2.0,40
3013,range,4.0,40
3014,entropy,0.0,40
3015,sobel,-6.0,40
3016,variance,-2.0,40
3017,power,30.0,40
3018,brenner,3.0,40
3019,range,5.0,40
3020,entropy,5.0,40
3021,sobel,29.0,40
3022,variance,7.0,40
3023,power,-67.0,40
3024,brenner,-2.0,40
3025,range,4.0,40
3026,entropy,0.0,40
3027,sobel,-6.0,40
3028,variance,-2.0,40
3029,power,30.0,40
3030,brenner,1.0,50
3031,range,1.0,50
3032,entropy,1.0,50
3033,sobel,-75.0,50
3034,variance,3.0,50
3035,power,19.0,50
3036,brenner,2.0,50
3037,range,4.0,50
3038,entropy,2.0,50
3039,sobel,80.0,50
3040,variance,4.0,50
3041,power,-80.0,50
3042,brenner,4.0,50
3043,range,8.0,50
3044,entropy,8.0,50
3045,sobel,22.0,50
3046,variance,4.0,50
3047,power,-12.0,50
3048,brenner,1.0,50
3049,range,1.0,50
3050,entropy,1.0,50
3051,sobel,-75.0,50
3052,variance,1.0,50
3053,power,-21.0,50
3054,brenner,-1.0,50
3055,range,-7.0,50
3056,entropy,-1.0,50
3057,sobel,59.0,50
3058,variance,-3.0,50
3059,power,25.0,50
3060,brenner,3.0,50
3061,range,5.0,50
3062,entropy,5.0,50
3063,sobel,29.0,50
3064,variance,7.0,50
3065,power,-67.0,50
3066,brenner,1.0,50
3067,range,1.0,50
3068,entropy,1.0,50
3069,sobel,-75.0,50
3070,variance,1.0,50
3071,power,-21.0,50
3072,brenner,1.0,50
3073,range,1.0,50
3074,entropy,1.0,50
3075,sobel,-75.0,50
3076,variance,3.0,50
3077,power,19.0,50
3078,brenner,2.0,50
3079,range,4.0,50
3080,entropy,2.0,50
3081,sobel,80.0,50
3082,variance,4.0,50
3083,power,-80.0,50
3084,brenner,-1.0,50
3085,range,-7.0,50
3086,entropy,-1.0,50
3087,sobel,59.0,50
3088,variance,-3.0,50
3089,power,25.0,50
3090,brenner,4.0,50
3091,range,8.0,50
3092,entropy,8.0,50
3093,sobel,22.0,50
3094,variance,4.0,50
3095,power,-12.0,50
3096,brenner,2.0,50
3097,range,4.0,50
3098,entropy,2.0,50
3099,sobel,80.0,50
3100,variance,4.0,50
3101,power,-80.0,50
3102,brenner,-2.0,50
3103,range,4.0,50
3104,entropy,0.0,50
3105,sobel,-6.0,50
3106,variance,-2.0,50
3107,power,30.0,50
3108,brenner,-2.0,50
3109,range,4.0,50
3110,entropy,0.0,50
3111,sobel,-6.0,50
3112,variance,-2.0,50
3113,power,30.0,50
3114,brenner,1.0,50
3115,range,1.0,50
3116,entropy,1.0,50
3117,sobel,-75.0,50
3118,variance,1.0,50
3119,power,-21.0,50
3120,brenner,4.0,50
3121,range,8.0,50
3122,entropy,8.0,50
3123,sobel,22.0,50
3124,variance,4.0,50
3125,power,-12.0,50
3126,brenner,-2.0,50
3127,range,4.0,50
3128,entropy,0.0,50
3129,sobel,-6.0,50
3130,variance,-2.0,50
3131,power,30.0,50
3132,brenner,1.0,50
3133,range,1.0,50
3134,entropy,1.0,50
3135,sobel,-75.0,50
3136,variance,1.0,50
3137,power,-21.0,50
3138,brenner,-2.0,50
3139,range,4.0,50
3140,entropy,0.0,50
3141,sobel,-6.0,50
3142,variance,-2.0,50
3143,power,30.0,50
3144,brenner,1.0,50
3145,range,1.0,50
3146,entropy,1.0,50
3147,sobel,-75.0,50
3148,variance,1.0,50
3149,power,-21.0,50
3150,brenner,3.0,50
3151,range,5.0,50
3152,entropy,5.0,50
3153,sobel,29.0,50
3154,variance,7.0,50
3155,power,-67.0,50
3156,brenner,1.0,50
3157,range,1.0,50
3158,entropy,1.0,50
3159,sobel,-75.0,50
3160,variance,3.0,50
3161,power,19.0,50
3162,brenner,-1.0,50
3163,range,-7.0,50
3164,entropy,-1.0,50
3165,sobel,59.0,50
3166,variance,-3.0,50
3167,power,25.0,50
3168,brenner,-2.0,50
3169,range,4.0,50
3170,entropy,0.0,50
3171,sobel,-6.0,50
3172,variance,-2.0,50
3173,power,30.0,50
3174,brenner,1.0,50
3175,range,1.0,50
3176,entropy,1.0,50
3177,sobel,-41.0,50
3178,variance,1.0,50
3179,power,-21.0,50
3180,brenner,-1.0,50
3181,range,-7.0,50
3182,entropy,-1.0,50
3183,sobel,59.0,50
3184,variance,-3.0,50
3185,power,25.0,50
3186,brenner,1.0,50
3187,range,1.0,50
3188,entropy,1.0,50
3189,sobel,-75.0,50
3190,variance,1.0,50
3191,power,-21.0,50
3192,brenner,2.0,50
3193,range,4.0,50
3194,entropy,2.0,50
3195,sobel,80.0,50
3196,variance,4.0,50
3197,power,-20.0,50
3198,brenner,1.0,50
3199,range,1.0,50
3200,entropy,1.0,50
3201,sobel,-75.0,50
3202,variance,3.0,50
3203,power,19.0,50
3204,brenner,2.0,50
3205,range,4.0,50
3206,entropy,2.0,50
3207,sobel,80.0,50
3208,variance,4.0,50
3209,power,-80.0,50
3210,brenner,-2.0,50
3211,range,4.0,50
3212,entropy,0.0,50
3213,sobel,-6.0,50
3214,variance,-2.0,50
3215,power,30.0,50
3216,brenner,2.0,50
3217,range,4.0,50
3218,entropy,2.0,50
3219,sobel,80.0,50
3220,variance,4.0,50
3221,power,-80.0,50
3222,brenner,1.0,50
3223,range,1.0,50
3224,entropy,1.0,50
3225,sobel,-75.0,50
3226,variance,1.0,50
3227,power,-21.0,50
3228,brenner,1.0,50
3229,range,1.0,50
3230,entropy,1.0,50
3231,sobel,-75.0,50
3232,variance,1.0,50
3233,power,-21.0,50
3234,brenner,2.0,50
3235,range,4.0,50
3236,entropy,2.0,50
3237,sobel,80.0,50
3238,variance,4.0,50
3239,power,-80.0,50
3240,brenner,2.0,50
3241,range,4.0,50
3242,entropy,2.0,50
3243,sobel,76.0,50
3244,variance,4.0,50
3245,power,-80.0,50
3246,brenner,-2.0,50
3247,range,4.0,50
3248,entropy,0.0,50
3249,sobel,-6.0,50
3250,variance,-2.0,50
3251,power,30.0,50
3252,brenner,4.0,50
3253,range,8.0,50
3254,entropy,8.0,50
3255,sobel,22.0,50
3256,variance,4.0,50
3257,power,-12.0,50
3258,brenner,-1.0,50
3259,range,-7.0,50
3260,entropy,-1.0,50
3261,sobel,59.0,50
3262,variance,-3.0,50
3263,power,25.0,50
3264,brenner,2.0,50
3265,range,4.0,50
3266,entropy,2.0,50
3267,sobel,80.0,50
3268,variance,4.0,50
3269,power,-20.0,50
3270,brenner,1.0,50
3271,range,1.0,50
3272,entropy,1.0,50
3273,sobel,-75.0,50
3274,variance,3.0,50
3275,power,19.0,50
3276,brenner,3.0,50
3277,range,5.0,50
3278,entropy,5.0,50
3279,sobel,29.0,50
3280,variance,7.0,50
3281,power,-67.0,50
3282,brenner,1.0,50
3283,range,1.0,50
3284,entropy,1.0,50
3285,sobel,-75.0,50
3286,variance,1.0,50
3287,power,-21.0,50
3288,brenner,1.0,50
3289,range,1.0,50
3290,entropy,1.0,50
3291,sobel,-75.0,50
3292,variance,1.0,50
3293,power,-21.0,50
3294,brenner,1.0,50
3295,range,1.0,50
3296,entropy,1.0,50
3297,sobel,-75.0,50
3298,variance,3.0,50
3299,power,19.0,50
3300,brenner,-2.0,50
3301,range,4.0,50
3302,entropy,0.0,50
3303,sobel,-6.0,50
3304,variance,-2.0,50
3305,power,30.0,50
3306,brenner,1.0,50
3307,range,1.0,50
3308,entropy,1.0,50
3309,sobel,75.0,50
3310,variance,3.0,50
3311,power,19.0,50
3312,brenner,4.0,50
3313,range,8.0,50
3314,entropy,8.0,50
3315,sobel,22.0,50
3316,variance,4.0,50
3317,power,-12.0,50
3318,brenner,4.0,50
3319,range,8.0,50
3320,entropy,8.0,50
3321,sobel,22.0,50
3322,variance,4.0,50
3323,power,-12.0,50
3324,brenner,-1.0,50
3325,range,-7.0,50
3326,entropy,-1.0,50
3327,sobel,59.0,50
3328,variance,-3.0,50
3329,power,25.0,50
3330,brenner,1.0,50
3331,range,1.0,50
3332,entropy,1.0,50
3333,sobel,-75.0,50
3334,variance,1.0,50
3335,power,-21.0,50
3336,brenner,3.0,50
3337,range,5.0,50
3338,entropy,5.0,50
3339,sobel,29.0,50
3340,variance,7.0,50
3341,power,-67.0,50
3342,brenner,2.0,50
3343,range,4.0,50
3344,entropy,2.0,50
3345,sobel,80.0,50
3346,variance,4.0,50
3347,power,-80.0,50
3348,brenner,1.0,50
3349,range,1.0,50
3350,entropy,1.0,50
3351,sobel,-75.0,50
3352,variance,3.0,50
3353,power,19.0,50
3354,brenner,2.0,50
3355,range,4.0,50
3356,entropy,2.0,50
3357,sobel,80.0,50
3358,variance,4.0,50
3359,power,-80.0,50
3360,brenner,2.0,50
3361,range,4.0,50
3362,entropy,2.0,50
3363,sobel,76.0,50
3364,variance,4.0,50
3365,power,-80.0,50
3366,brenner,-2.0,50
3367,range,4.0,50
3368,entropy,0.0,50
3369,sobel,-6.0,50
3370,variance,-2.0,50
3371,power,30.0,50
3372,brenner,4.0,50
3373,range,8.0,50
3374,entropy,8.0,50
3375,sobel,22.0,50
3376,variance,4.0,50
3377,power,-12.0,50
3378,brenner,4.0,50
3379,range,8.0,50
3380,entropy,8.0,50
3381,sobel,22.0,50
3382,variance,4.0,50
3383,power,-12.0,50
3384,brenner,4.0,50
3385,range,8.0,50
3386,entropy,8.0,50
3387,sobel,22.0,50
3388,variance,4.0,50
3389,power,-12.0,50
3390,brenner,-2.0,50
3391,range,4.0,50
3392,entropy,0.0,50
3393,sobel,-6.0,50
3394,variance,-2.0,50
3395,power,30.0,50
3396,brenner,1.0,50
3397,range,1.0,50
3398,entropy,1.0,50
3399,sobel,-75.0,50
3400,variance,1.0,50
3401,power,-21.0,50
3402,brenner,3.0,50
3403,range,5.0,50
3404,entropy,5.0,50
3405,sobel,29.0,50
3406,variance,7.0,50
3407,power,-67.0,50
3408,brenner,2.0,50
3409,range,4.0,50
3410,entropy,2.0,50
3411,sobel,80.0,50
3412,variance,4.0,50
3413,power,-20.0,50
3414,brenner,4.0,50
3415,range,8.0,50
3416,entropy,8.0,50
3417,sobel,22.0,50
3418,variance,4.0,50
3419,power,-12.0,50
3420,brenner,3.0,50
3421,range,5.0,50
3422,entropy,5.0,50
3423,sobel,29.0,50
3424,variance,7.0,50
3425,power,-67.0,50
3426,brenner,2.0,50
3427,range,4.0,50
3428,entropy,2.0,50
3429,sobel,80.0,50
3430,variance,4.0,50
3431,power,-80.0,50
3432,brenner,3.0,50
3433,range,5.0,50
3434,entropy,5.0,50
3435,sobel,29.0,50
3436,variance,7.0,50
3437,power,-67.0,50
3438,brenner,-1.0,50
3439,range,-7.0,50
3440,entropy,-1.0,50
3441,sobel,59.0,50
3442,variance,-3.0,50
3443,power,25.0,50
3444,brenner,-2.0,50
3445,range,4.0,50
3446,entropy,0.0,50
3447,sobel,-6.0,50
3448,variance,-2.0,50
3449,power,30.0,50
3450,brenner,2.0,50
3451,range,4.0,50
3452,entropy,2.0,50
3453,sobel,80.0,50
3454,variance,4.0,50
3455,power,-80.0,50
3456,brenner,4.0,50
3457,range,8.0,50
3458,entropy,8.0,50
3459,sobel,22.0,50
3460,variance,4.0,50
3461,power,-12.0,50
3462,brenner,1.0,50
3463,range,1.0,50
3464,entropy,1.0,50
3465,sobel,75.0,50
3466,variance,3.0,50
3467,power,19.0,50
3468,brenner,4.0,50
3469,range,8.0,50
3470,entropy,8.0,50
3471,sobel,22.0,50
3472,variance,4.0,50
3473,power,-12.0,50
3474,brenner,1.0,50
3475,range,1.0,50
3476,entropy,1.0,50
3477,sobel,-75.0,50
3478,variance,1.0,50
3479,power,-21.0,50
3480,brenner,3.0,50
3481,range,5.0,50
3482,entropy,5.0,50
3483,sobel,29.0,50
3484,variance,7.0,50
3485,power,-67.0,50
3486,brenner,1.0,50
3487,range,1.0,50
3488,entropy,1.0,50
3489,sobel,-75.0,50
3490,variance,1.0,50
3491,power,-21.0,50
3492,brenner,-2.0,50
3493,range,4.0,50
3494,entropy,0.0,50
3495,sobel,-6.0,50
3496,variance,-2.0,50
3497,power,30.0,50
3498,brenner,3.0,50
3499,range,5.0,50
3500,entropy,5.0,50
3501,sobel,29.0,50
3502,variance,7.0,50
3503,power,-67.0,50
3504,brenner,-2.0,50
3505,range,4.0,50
3506,entropy,0.0,50
3507,sobel,-6.0,50
3508,variance,-2.0,50
3509,power,30.0,50
3510,brenner,-2.0,50
3511,range,4.0,50
3512,entropy,0.0,50
3513,sobel,-6.0,50
3514,variance,-2.0,50
3515,power,30.0,50
3516,brenner,1.0,50
3517,range,1.0,50
3518,entropy,1.0,50
3519,sobel,-75.0,50
3520,variance,1.0,50
3521,power,-21.0,50
3522,brenner,4.0,50
3523,range,8.0,50
3524,entropy,8.0,50
3525,sobel,22.0,50
3526,variance,4.0,50
3527,power,-12.0,50
3528,brenner,4.0,50
3529,range,8.0,50
3530,entropy,8.0,50
3531,sobel,22.0,50
3532,variance,4.0,50
3533,power,-12.0,50
3534,brenner,-1.0,50
3535,range,-7.0,50
3536,entropy,-1.0,50
3537,sobel,59.0,50
3538,variance,-3.0,50
3539,power,25.0,50
3540,brenner,-2.0,50
3541,range,4.0,50
3542,entropy,0.0,50
3543,sobel,-6.0,50
3544,variance,-2.0,50
3545,power,30.0,50
3546,brenner,2.0,50
3547,range,4.0,50
3548,entropy,2.0,50
3549,sobel,80.0,50
3550,variance,4.0,50
3551,power,-80.0,50
3552,brenner,2.0,50
3553,range,4.0,50
3554,entropy,2.0,50
3555,sobel,80.0,50
3556,variance,4.0,50
3557,power,-80.0,50
3558,brenner,2.0,50
3559,range,4.0,50
3560,entropy,2.0,50
3561,sobel,80.0,50
3562,variance,4.0,50
3563,power,-80.0,50
3564,brenner,2.0,50
3565,range,4.0,50
3566,entropy,2.0,50
3567,sobel,80.0,50
3568,variance,4.0,50
3569,power,-80.0,50
3570,brenner,4.0,50
3571,range,8.0,50
3572,entropy,8.0,50
3573,sobel,22.0,50
3574,variance,4.0,50
3575,power,-12.0,50
3576,brenner,1.0,50
3577,range,1.0,50
3578,entropy,1.0,50
3579,sobel,-75.0,50
3580,variance,3.0,50
3581,power,19.0,50
3582,brenner,3.0,50
3583,range,5.0,50
3584,entropy,5.0,50
3585,sobel,29.0,50
3586,variance,7.0,50
3587,power,-67.0,50
3588,brenner,-1.0,50
3589,range,-7.0,50
3590,entropy,-1.0,50
3591,sobel,59.0,50
3592,variance,-3.0,50
3593,power,25.0,50
3594,brenner,-1.0,50
3595,range,-7.0,50
3596,entropy,-1.0,50
3597,sobel,59.0,50
3598,variance,-3.0,50
3599,power,25.0,50
3600,brenner,1.0,50
3601,range,1.0,50
3602,entropy,1.0,50
3603,sobel,-75.0,50
3604,variance,3.0,50
3605,power,19.0,50
3606,brenner,4.0,50
3607,range,8.0,50
3608,entropy,8.0,50
3609,sobel,22.0,50
3610,variance,4.0,50
3611,power,-12.0,50
3612,brenner,3.0,50
3613,range,5.0,50
3614,entropy,5.0,50
3615,sobel,29.0,50
3616,variance,7.0,50
3617,power,-67.0,50
3618,brenner,-1.0,50
3619,range,-7.0,50
3620,entropy,-1.0,50
3621,sobel,59.0,50
3622,variance,-3.0,50
3623,power,25.0,50
3624,brenner,3.0,50
3625,range,5.0,50
3626,entropy,5.0,50
3627,sobel,29.0,50
3628,variance,7.0,50
3629,power,-67.0,50
3630,brenner,-1.0,50
3631,range,-7.0,50
3632,entropy,-1.0,50
3633,sobel,59.0,50
3634,variance,-3.0,50
3635,power,25.0,50
